,Date,Open,High,Low,Close,Volume,Market Cap
0,"Aug 07, 2015",2.83,3.54,2.52,2.77,164329.0,166610560.0
1,"Aug 08, 2015",2.79,2.8,0.714725,0.753325,674188.0,45486896.0
2,"Aug 09, 2015",0.706136,0.87981,0.629191,0.701897,532170.0,42399572.0
3,"Aug 10, 2015",0.713989,0.729854,0.636546,0.708448,405283.0,42818364.0
4,"Aug 11, 2015",0.708087,1.13,0.663235,1.07,1463100.0,64569290.0
5,"Aug 12, 2015",1.06,1.29,0.883608,1.22,2150620.0,73645010.0
6,"Aug 13, 2015",1.22,1.97,1.17,1.83,4068680.0,110607190.0
7,"Aug 14, 2015",1.81,2.26,1.75,1.83,4637030.0,110672320.0
8,"Aug 15, 2015",1.8,1.88,1.57,1.69,2554360.0,102303610.0
9,"Aug 16, 2015",1.68,1.7,1.09,1.57,3550790.0,94901010.0
10,"Aug 17, 2015",1.58,1.58,1.19,1.2,1942830.0,87295370.0
11,"Aug 18, 2015",1.22,1.33,1.09,1.09,1485680.0,78868420.0
12,"Aug 19, 2015",1.17,1.32,1.17,1.26,1486240.0,91366390.0
13,"Aug 20, 2015",1.25,1.53,1.25,1.46,2843760.0,106351420.0
14,"Aug 21, 2015",1.48,1.56,1.35,1.4,2020970.0,101331860.0
15,"Aug 22, 2015",1.4,1.48,1.35,1.38,948310.0,100201820.0
16,"Aug 23, 2015",1.38,1.41,1.3,1.35,1589300.0,98300350.0
17,"Aug 24, 2015",1.35,1.36,1.23,1.23,924920.0,89515256.0
18,"Aug 25, 2015",1.23,1.24,1.13,1.14,1307180.0,82922630.0
19,"Aug 26, 2015",1.13,1.2,1.06,1.16,1056750.0,84390930.0
20,"Aug 27, 2015",1.17,1.19,1.14,1.15,686662.0,83524584.0
21,"Aug 28, 2015",1.15,1.21,1.12,1.19,721872.0,86731080.0
22,"Aug 29, 2015",1.19,1.21,1.15,1.18,375377.0,86113896.0
23,"Aug 30, 2015",1.18,1.37,1.17,1.32,1337650.0,96097350.0
24,"Aug 31, 2015",1.32,1.4,1.2,1.36,1447180.0,98963976.0
25,"Sep 01, 2015",1.35,1.39,1.34,1.35,778862.0,98507500.0
26,"Sep 02, 2015",1.35,1.35,1.26,1.29,883769.0,94389544.0
27,"Sep 03, 2015",1.3,1.31,1.21,1.26,702991.0,92234140.0
28,"Sep 04, 2015",1.26,1.3,1.24,1.27,474391.0,92953704.0
29,"Sep 05, 2015",1.28,1.34,1.27,1.34,448453.0,97683880.0
30,"Sep 06, 2015",1.34,1.37,1.29,1.3,491968.0,94580160.0
31,"Sep 07, 2015",1.3,1.31,1.24,1.25,489014.0,91020740.0
32,"Sep 08, 2015",1.25,1.28,1.23,1.24,427892.0,90743240.0
33,"Sep 09, 2015",1.24,1.26,1.2,1.21,366748.0,88150130.0
34,"Sep 10, 2015",1.21,1.22,1.14,1.17,662782.0,85202740.0
35,"Sep 11, 2015",1.16,1.17,0.940675,0.982978,1942600.0,71868264.0
36,"Sep 12, 2015",0.987228,1.11,0.96978,1.04,772430.0,75971270.0
37,"Sep 13, 2015",1.04,1.04,0.902832,0.936003,644138.0,68480584.0
38,"Sep 14, 2015",0.940566,0.949387,0.87176,0.875622,741085.0,64084136.0
39,"Sep 15, 2015",0.875189,1.05,0.875189,0.94441,703390.0,69141410.0
40,"Sep 16, 2015",0.941977,0.952698,0.901639,0.907175,615593.0,66437870.0
41,"Sep 17, 2015",0.906865,0.909204,0.831132,0.874231,897940.0,64046216.0
42,"Sep 18, 2015",0.874574,0.888102,0.833908,0.853685,484622.0,62561884.0
43,"Sep 19, 2015",0.849603,0.911883,0.833784,0.882391,386988.0,64687990.0
44,"Sep 20, 2015",0.881191,0.947741,0.873205,0.938445,508314.0,68822184.0
45,"Sep 21, 2015",0.941496,0.957326,0.878301,0.919047,424039.0,67422910.0
46,"Sep 22, 2015",0.919337,0.919337,0.865225,0.901796,487914.0,66180150.0
47,"Sep 23, 2015",0.90356,0.90891,0.885136,0.893406,200541.0,65587500.0
48,"Sep 24, 2015",0.896796,0.908571,0.79346,0.81361,842505.0,59749890.0
49,"Sep 25, 2015",0.820031,0.825665,0.712745,0.736223,903457.0,54085580.0
50,"Sep 26, 2015",0.73763,0.787544,0.709328,0.785964,369620.0,57759116.0
51,"Sep 27, 2015",0.791277,0.791277,0.719169,0.720839,413801.0,52990396.0
52,"Sep 28, 2015",0.723715,0.725677,0.557062,0.582886,1320890.0,42863010.0
53,"Sep 29, 2015",0.579414,0.67583,0.558346,0.661146,913992.0,48633260.0
54,"Sep 30, 2015",0.661192,0.746722,0.635861,0.738644,619926.0,54351468.0
55,"Oct 01, 2015",0.734307,0.734307,0.655906,0.690215,596084.0,50805920.0
56,"Oct 02, 2015",0.683732,0.69112,0.654605,0.678574,219318.0,49966504.0
57,"Oct 03, 2015",0.678783,0.709204,0.675482,0.687171,163326.0,50616972.0
58,"Oct 04, 2015",0.686343,0.693126,0.660716,0.668379,103497.0,49249084.0
59,"Oct 05, 2015",0.666784,0.674438,0.62445,0.628643,234263.0,46336892.0
60,"Oct 06, 2015",0.622218,0.653944,0.60623,0.650645,262674.0,47974296.0
61,"Oct 07, 2015",0.650515,0.656301,0.602423,0.609388,218327.0,44947530.0
62,"Oct 08, 2015",0.609501,0.633138,0.591971,0.621716,310266.0,45872836.0
63,"Oct 09, 2015",0.655084,0.692296,0.632116,0.650628,386420.0,48022036.0
64,"Oct 10, 2015",0.641187,0.649022,0.624374,0.627857,141555.0,46356710.0
65,"Oct 11, 2015",0.627461,0.639506,0.618335,0.634963,102128.0,46897252.0
66,"Oct 12, 2015",0.634515,0.657789,0.62603,0.62603,109567.0,46253824.0
67,"Oct 13, 2015",0.627943,0.63024,0.599214,0.607655,303044.0,44911720.0
68,"Oct 14, 2015",0.61224,0.61224,0.483974,0.522968,971664.0,38665410.0
69,"Oct 15, 2015",0.523278,0.572714,0.51473,0.561878,371022.0,41556024.0
70,"Oct 16, 2015",0.562593,0.568861,0.522533,0.536495,249891.0,39691828.0
71,"Oct 17, 2015",0.534117,0.56346,0.526961,0.547178,313860.0,40496030.0
72,"Oct 18, 2015",0.547913,0.552234,0.512861,0.517734,133690.0,38329704.0
73,"Oct 19, 2015",0.517621,0.521546,0.480994,0.489014,243742.0,36215624.0
74,"Oct 20, 2015",0.489629,0.501898,0.431648,0.434829,383921.0,32213626.0
75,"Oct 21, 2015",0.431589,0.482988,0.420897,0.447329,609085.0,33150826.0
76,"Oct 22, 2015",0.444988,0.619466,0.420991,0.567702,924822.0,42085190.0
77,"Oct 23, 2015",0.56637,0.611743,0.504284,0.539657,878822.0,40020348.0
78,"Oct 24, 2015",0.539681,0.577396,0.518688,0.56359,258356.0,41809764.0
79,"Oct 25, 2015",0.563207,0.688192,0.561383,0.616039,635384.0,45716388.0
80,"Oct 26, 2015",0.619743,0.757517,0.597098,0.731317,1089120.0,54289124.0
81,"Oct 27, 2015",0.70889,0.898172,0.70889,0.869641,1846370.0,64580264.0
82,"Oct 28, 2015",0.870938,1.06,0.807857,1.0,2373050.0,74469864.0
83,"Oct 29, 2015",1.01,1.21,0.947374,1.21,2279240.0,89668664.0
84,"Oct 30, 2015",1.21,1.35,0.96816,1.04,2429200.0,77401816.0
85,"Oct 31, 2015",1.05,1.06,0.900171,0.916627,673892.0,68163370.0
86,"Nov 01, 2015",0.920847,1.08,0.899082,1.06,588913.0,78530264.0
87,"Nov 02, 2015",1.06,1.1,0.953647,0.989789,1145200.0,73654330.0
88,"Nov 03, 2015",0.994568,1.07,0.936615,1.01,1907690.0,75434110.0
89,"Nov 04, 2015",1.01,1.04,0.725665,0.89905,3060340.0,66947930.0
90,"Nov 05, 2015",0.900699,0.991259,0.860382,0.895637,1179840.0,66716644.0
91,"Nov 06, 2015",0.904772,0.989848,0.852929,0.926032,913666.0,69004590.0
92,"Nov 07, 2015",0.923732,0.943787,0.863539,0.927974,890187.0,69172170.0
93,"Nov 08, 2015",0.915661,1.03,0.915661,1.03,1021460.0,76614490.0
94,"Nov 09, 2015",1.03,1.11,0.945263,0.999278,2045290.0,74537420.0
95,"Nov 10, 2015",1.0,1.05,0.920968,0.934348,854581.0,69717800.0
96,"Nov 11, 2015",0.941296,0.945278,0.729775,0.791829,1278580.0,59103444.0
97,"Nov 12, 2015",0.796455,0.913919,0.76351,0.895711,806156.0,66880150.0
98,"Nov 13, 2015",0.907722,0.917309,0.846023,0.904096,543671.0,67529350.0
99,"Nov 14, 2015",0.905469,0.906113,0.876908,0.888812,372514.0,66410520.0
100,"Nov 15, 2015",0.891217,0.921516,0.874957,0.906368,411848.0,67745800.0
101,"Nov 16, 2015",0.906166,0.944732,0.891971,0.928962,620945.0,69458010.0
102,"Nov 17, 2015",0.924948,1.03,0.905794,1.01,1145440.0,75392160.0
103,"Nov 18, 2015",0.993214,1.01,0.940516,0.993319,681104.0,74320770.0
104,"Nov 19, 2015",0.988713,1.01,0.937498,0.955532,443528.0,71517340.0
105,"Nov 20, 2015",0.955735,0.955735,0.898576,0.92492,614335.0,69248000.0
106,"Nov 21, 2015",0.928758,0.978743,0.92094,0.97614,455976.0,73107360.0
107,"Nov 22, 2015",0.979765,0.984132,0.958982,0.968018,372173.0,72523500.0
108,"Nov 23, 2015",0.967493,0.969057,0.93387,0.946969,441875.0,70970610.0
109,"Nov 24, 2015",0.946442,0.948055,0.895931,0.900191,524195.0,67487360.0
110,"Nov 25, 2015",0.893827,0.899493,0.851106,0.863537,622991.0,64760708.0
111,"Nov 26, 2015",0.863273,0.903643,0.80436,0.884183,947473.0,66330892.0
112,"Nov 27, 2015",0.8821,0.900051,0.860695,0.867951,403813.0,65135636.0
113,"Nov 28, 2015",0.868102,0.929293,0.862122,0.915703,462464.0,68742120.0
114,"Nov 29, 2015",0.914144,0.914153,0.860533,0.878614,448358.0,65980040.0
115,"Nov 30, 2015",0.879951,0.895054,0.847696,0.873119,784439.0,65589556.0
116,"Dec 01, 2015",0.878316,0.886736,0.853937,0.8748,652857.0,65738068.0
117,"Dec 02, 2015",0.873171,0.878017,0.818924,0.82121,506307.0,61730776.0
118,"Dec 03, 2015",0.818546,0.837664,0.785086,0.812143,539969.0,61070308.0
119,"Dec 04, 2015",0.812082,0.859575,0.802373,0.840041,241278.0,63189184.0
120,"Dec 05, 2015",0.841195,0.872821,0.824444,0.862438,232743.0,64895496.0
121,"Dec 06, 2015",0.866417,0.882436,0.833115,0.8355,443608.0,62889050.0
122,"Dec 07, 2015",0.836322,0.850791,0.78765,0.811264,520409.0,61084950.0
123,"Dec 08, 2015",0.806024,0.823645,0.782328,0.822118,445903.0,61922410.0
124,"Dec 09, 2015",0.824454,0.824454,0.770488,0.792167,624221.0,59687096.0
125,"Dec 10, 2015",0.79559,0.86159,0.787291,0.840396,369589.0,63342630.0
126,"Dec 11, 2015",0.839995,0.929762,0.819789,0.929762,801072.0,70101840.0
127,"Dec 12, 2015",0.931196,1.05,0.928546,0.976973,1376280.0,73686290.0
128,"Dec 13, 2015",0.971538,0.989394,0.937438,0.952884,273614.0,71894530.0
129,"Dec 14, 2015",0.95662,1.01,0.950178,0.993022,563436.0,74947760.0
130,"Dec 15, 2015",0.990589,1.03,0.98224,1.01,578618.0,76568080.0
131,"Dec 16, 2015",1.02,1.02,0.974927,0.991182,320767.0,74858730.0
132,"Dec 17, 2015",0.993043,0.997611,0.911807,0.940701,640765.0,71069940.0
133,"Dec 18, 2015",0.938327,0.939493,0.908081,0.920127,300787.0,69538664.0
134,"Dec 19, 2015",0.921524,0.925874,0.888916,0.908072,343535.0,68650440.0
135,"Dec 20, 2015",0.90824,0.943185,0.899441,0.903885,472164.0,68356310.0
136,"Dec 21, 2015",0.906065,0.91739,0.891182,0.900771,549113.0,68143250.0
137,"Dec 22, 2015",0.894973,0.909526,0.862059,0.864202,454249.0,65398932.0
138,"Dec 23, 2015",0.861782,0.88294,0.856065,0.858077,334993.0,64957356.0
139,"Dec 24, 2015",0.859433,0.882818,0.8476,0.863262,354646.0,65371536.0
140,"Dec 25, 2015",0.861993,0.882556,0.861993,0.870363,187114.0,65931376.0
141,"Dec 26, 2015",0.870766,0.897453,0.838314,0.854603,425282.0,64758910.0
142,"Dec 27, 2015",0.853166,0.861538,0.841151,0.856365,164565.0,64913920.0
143,"Dec 28, 2015",0.856356,0.872394,0.832932,0.845005,235134.0,64074280.0
144,"Dec 29, 2015",0.843835,0.873054,0.833232,0.873054,215742.0,66222900.0
145,"Dec 30, 2015",0.874258,0.941099,0.866647,0.911958,604078.0,69196770.0
146,"Dec 31, 2015",0.912098,0.975414,0.910277,0.933542,663994.0,70858024.0
147,"Jan 01, 2016",0.933712,0.954822,0.931442,0.948024,206062.0,71980380.0
148,"Jan 02, 2016",0.947401,0.969637,0.93656,0.937124,255504.0,71176660.0
149,"Jan 03, 2016",0.93843,0.991362,0.934313,0.971905,407632.0,73843300.0
150,"Jan 04, 2016",0.972045,0.976438,0.929835,0.95448,346245.0,72543704.0
151,"Jan 05, 2016",0.953147,0.970597,0.946543,0.950176,219833.0,72240980.0
152,"Jan 06, 2016",0.950028,0.960659,0.935708,0.95086,308791.0,72317150.0
153,"Jan 07, 2016",0.955801,0.974623,0.93583,0.942005,647462.0,71667150.0
154,"Jan 08, 2016",0.942752,0.991825,0.939715,0.986789,545600.0,75099810.0
155,"Jan 09, 2016",0.985501,0.992345,0.9736,0.986833,226281.0,75128310.0
156,"Jan 10, 2016",0.985557,1.0,0.975099,0.999231,390888.0,76097650.0
157,"Jan 11, 2016",0.999216,1.07,0.999216,1.06,1011920.0,80874510.0
158,"Jan 12, 2016",1.07,1.28,1.05,1.14,2898760.0,86951450.0
159,"Jan 13, 2016",1.14,1.15,1.08,1.13,1005910.0,85775570.0
160,"Jan 14, 2016",1.12,1.19,1.1,1.19,751961.0,90714400.0
161,"Jan 15, 2016",1.18,1.32,1.14,1.21,3910550.0,92149710.0
162,"Jan 16, 2016",1.22,1.31,1.17,1.22,2462630.0,93117300.0
163,"Jan 17, 2016",1.22,1.33,1.21,1.33,1171150.0,101329330.0
164,"Jan 18, 2016",1.33,1.54,1.32,1.43,4278930.0,108912540.0
165,"Jan 19, 2016",1.42,1.46,1.31,1.37,2446740.0,104750744.0
166,"Jan 20, 2016",1.36,1.62,1.35,1.53,2933220.0,117043470.0
167,"Jan 21, 2016",1.53,1.59,1.49,1.55,1614960.0,118743870.0
168,"Jan 22, 2016",1.55,1.58,1.47,1.5,1567240.0,114784060.0
169,"Jan 23, 2016",1.5,2.03,1.5,1.97,7370980.0,150874910.0
170,"Jan 24, 2016",1.9,2.3,1.9,2.14,9669770.0,163819890.0
171,"Jan 25, 2016",2.15,2.66,2.06,2.5,10739300.0,191276220.0
172,"Jan 26, 2016",2.53,2.84,1.99,2.28,13939200.0,174275650.0
173,"Jan 27, 2016",2.25,2.59,2.19,2.39,6961080.0,182923580.0
174,"Jan 28, 2016",2.41,2.68,2.34,2.53,4903850.0,193551360.0
175,"Jan 29, 2016",2.54,2.61,2.3,2.49,6662340.0,191198050.0
176,"Jan 30, 2016",2.51,2.61,2.4,2.45,3725080.0,187435400.0
177,"Jan 31, 2016",2.44,2.53,2.19,2.31,5847500.0,176834430.0
178,"Feb 01, 2016",2.32,2.32,2.12,2.21,3994100.0,169654860.0
179,"Feb 02, 2016",2.22,2.45,2.16,2.44,3451270.0,187200930.0
180,"Feb 03, 2016",2.43,2.54,2.34,2.53,3987750.0,194099730.0
181,"Feb 04, 2016",2.53,2.63,2.44,2.58,3552320.0,197953040.0
182,"Feb 05, 2016",2.57,2.61,2.47,2.54,2636700.0,195018600.0
183,"Feb 06, 2016",2.53,2.56,2.47,2.53,1921240.0,194733890.0
184,"Feb 07, 2016",2.54,3.06,2.54,2.96,7007060.0,227838900.0
185,"Feb 08, 2016",2.97,3.27,2.88,3.18,9725690.0,244479000.0
186,"Feb 09, 2016",3.17,4.04,3.17,4.04,17954000.0,311075400.0
187,"Feb 10, 2016",4.0,4.86,3.78,4.44,28640400.0,341305120.0
188,"Feb 11, 2016",4.5,6.29,4.34,6.01,26408200.0,462770850.0
189,"Feb 12, 2016",5.95,6.58,5.07,5.55,23360800.0,427037700.0
190,"Feb 13, 2016",5.69,5.72,4.19,5.39,24218800.0,414729200.0
191,"Feb 14, 2016",5.4,5.47,4.45,5.24,11226500.0,403647780.0
192,"Feb 15, 2016",5.33,5.89,5.02,5.29,13934200.0,407524960.0
193,"Feb 16, 2016",5.33,5.47,4.03,4.32,15889100.0,332648540.0
194,"Feb 17, 2016",4.29,4.77,3.5,3.76,15451000.0,289721950.0
195,"Feb 18, 2016",3.77,4.77,3.42,4.4,17054000.0,339328350.0
196,"Feb 19, 2016",4.38,4.79,4.27,4.74,7666320.0,365577860.0
197,"Feb 20, 2016",4.68,4.75,4.13,4.34,8631090.0,335088740.0
198,"Feb 21, 2016",4.36,4.71,4.23,4.65,6413550.0,359310560.0
199,"Feb 22, 2016",4.66,5.65,4.64,5.62,15056200.0,433798980.0
200,"Feb 23, 2016",5.68,5.95,5.39,5.59,13380600.0,431598140.0
201,"Feb 24, 2016",5.6,6.24,5.51,6.24,11426500.0,481995070.0
202,"Feb 25, 2016",6.19,6.65,5.55,6.1,21471800.0,471975070.0
203,"Feb 26, 2016",6.04,6.27,5.74,5.92,9526860.0,457966530.0
204,"Feb 27, 2016",5.96,6.53,5.92,6.43,8903210.0,497119700.0
205,"Feb 28, 2016",6.41,6.62,6.24,6.47,9851660.0,500569660.0
206,"Feb 29, 2016",6.46,6.61,6.05,6.34,7648020.0,490556580.0
207,"Mar 01, 2016",6.32,7.91,6.31,7.65,23098100.0,592678000.0
208,"Mar 02, 2016",7.63,8.75,7.37,8.47,29130200.0,655748800.0
209,"Mar 03, 2016",8.44,10.1,8.33,9.29,40314900.0,720179260.0
210,"Mar 04, 2016",9.24,10.41,8.48,10.41,35520100.0,806593700.0
211,"Mar 05, 2016",10.37,12.27,9.97,11.0,56439600.0,853205250.0
212,"Mar 06, 2016",11.2,11.84,9.99,11.38,39112000.0,882886800.0
213,"Mar 07, 2016",11.43,11.65,9.31,9.55,34085100.0,741166660.0
214,"Mar 08, 2016",9.58,10.17,8.82,9.85,25524300.0,764269600.0
215,"Mar 09, 2016",9.79,12.05,9.67,11.9,27540500.0,923733300.0
216,"Mar 10, 2016",11.88,12.24,10.99,11.31,26851500.0,877988500.0
217,"Mar 11, 2016",11.22,11.6,10.39,11.08,21002700.0,861012030.0
218,"Mar 12, 2016",11.13,13.53,11.09,13.53,48957300.0,1051728800.0
219,"Mar 13, 2016",13.51,15.26,13.47,14.48,43915100.0,1125288000.0
220,"Mar 14, 2016",14.51,15.01,11.58,12.45,58385100.0,968384060.0
221,"Mar 15, 2016",13.0,13.2,12.05,13.01,28404500.0,1012119300.0
222,"Mar 16, 2016",13.02,13.73,12.5,12.52,24335500.0,974447100.0
223,"Mar 17, 2016",12.56,12.64,10.44,11.08,41650600.0,865792700.0
224,"Mar 18, 2016",11.11,11.18,8.52,11.0,53956800.0,859618900.0
225,"Mar 19, 2016",11.2,11.2,9.78,10.53,26735700.0,823422660.0
226,"Mar 20, 2016",10.52,10.9,9.57,10.32,17651100.0,807256600.0
227,"Mar 21, 2016",10.3,12.01,10.16,11.86,28572600.0,928428800.0
228,"Mar 22, 2016",11.88,12.03,11.18,11.27,19730300.0,883434500.0
229,"Mar 23, 2016",11.33,12.43,11.24,12.42,19353200.0,973296450.0
230,"Mar 24, 2016",12.44,12.5,10.8,11.23,26081800.0,881027900.0
231,"Mar 25, 2016",11.26,11.37,10.53,10.74,13782000.0,842804300.0
232,"Mar 26, 2016",10.77,11.18,10.59,10.97,9425480.0,861261400.0
233,"Mar 27, 2016",10.99,11.05,10.11,10.42,16744800.0,818048960.0
234,"Mar 28, 2016",10.43,11.86,10.41,11.67,23188300.0,916272900.0
235,"Mar 29, 2016",11.75,11.91,11.35,11.66,17684200.0,915917630.0
236,"Mar 30, 2016",11.61,12.18,11.47,11.95,19351200.0,939593800.0
237,"Mar 31, 2016",11.92,12.01,11.32,11.4,14966700.0,896764800.0
238,"Apr 01, 2016",11.4,11.85,11.4,11.66,11373100.0,917590800.0
239,"Apr 02, 2016",11.63,11.69,11.4,11.6,8682620.0,912861400.0
240,"Apr 03, 2016",11.63,11.71,11.51,11.62,5580550.0,914757200.0
241,"Apr 04, 2016",11.62,11.62,11.02,11.16,9599070.0,878817000.0
242,"Apr 05, 2016",11.21,11.21,10.13,10.44,20557300.0,822498200.0
243,"Apr 06, 2016",10.45,10.97,10.28,10.69,16997100.0,842318800.0
244,"Apr 07, 2016",10.7,10.81,9.95,10.07,13464500.0,794097540.0
245,"Apr 08, 2016",10.08,10.39,9.66,9.72,14660600.0,766797900.0
246,"Apr 09, 2016",9.69,10.09,9.07,9.15,16194800.0,722193600.0
247,"Apr 10, 2016",9.15,9.22,7.46,8.94,42613400.0,705565760.0
248,"Apr 11, 2016",8.94,8.95,8.0,8.64,15138100.0,682735800.0
249,"Apr 12, 2016",8.64,8.64,7.15,7.44,23190100.0,588069250.0
250,"Apr 13, 2016",7.44,8.72,7.07,8.04,31403300.0,635899500.0
251,"Apr 14, 2016",8.08,8.76,8.02,8.39,13590700.0,663262460.0
252,"Apr 15, 2016",8.39,8.62,8.1,8.24,12179000.0,652099800.0
253,"Apr 16, 2016",8.24,8.65,8.11,8.61,9888460.0,681383700.0
254,"Apr 17, 2016",8.62,9.7,8.56,9.31,24619600.0,737045100.0
255,"Apr 18, 2016",9.33,9.51,8.5,9.04,21084100.0,715710200.0
256,"Apr 19, 2016",9.08,9.31,8.6,8.71,12899100.0,690548740.0
257,"Apr 20, 2016",8.69,8.83,8.31,8.47,15634700.0,671081000.0
258,"Apr 21, 2016",8.45,8.72,7.96,8.1,13355400.0,642511170.0
259,"Apr 22, 2016",8.15,8.27,7.67,7.82,13309300.0,620481600.0
260,"Apr 23, 2016",7.79,8.55,7.74,8.29,14565200.0,658310850.0
261,"Apr 24, 2016",8.29,8.47,7.96,8.0,10786400.0,635274050.0
262,"Apr 25, 2016",8.01,8.09,7.24,7.55,18239900.0,600026240.0
263,"Apr 26, 2016",7.53,7.55,7.06,7.4,17667300.0,587763650.0
264,"Apr 27, 2016",7.39,7.97,7.32,7.76,19254500.0,616849000.0
265,"Apr 28, 2016",7.74,7.91,7.17,7.17,11576000.0,570380000.0
266,"Apr 29, 2016",7.21,7.73,7.17,7.46,8762080.0,593261100.0
267,"Apr 30, 2016",7.45,9.37,7.45,8.81,36573300.0,701473000.0
268,"May 01, 2016",8.78,9.01,8.43,8.85,16713800.0,704335740.0
269,"May 02, 2016",8.89,10.32,8.85,10.16,41019200.0,809492200.0
270,"May 03, 2016",10.17,10.17,9.28,9.31,21463900.0,741932860.0
271,"May 04, 2016",9.38,10.03,9.27,9.41,17622400.0,750396100.0
272,"May 05, 2016",9.4,10.05,9.29,9.83,18296200.0,783576060.0
273,"May 06, 2016",9.81,9.95,9.04,9.35,21510600.0,745638460.0
274,"May 07, 2016",9.32,9.48,9.21,9.37,10806500.0,747838850.0
275,"May 08, 2016",9.37,9.6,8.93,9.48,15031000.0,757112770.0
276,"May 09, 2016",9.49,9.64,9.2,9.3,13085300.0,742621900.0
277,"May 10, 2016",9.28,9.48,9.26,9.36,9321790.0,748013800.0
278,"May 11, 2016",9.43,10.01,9.39,10.0,15267500.0,799045700.0
279,"May 12, 2016",10.0,10.51,9.86,10.06,24137700.0,804287170.0
280,"May 13, 2016",10.06,11.05,10.02,10.51,31276900.0,840514940.0
281,"May 14, 2016",10.51,10.61,9.81,10.24,18808000.0,819487200.0
282,"May 15, 2016",10.24,10.44,9.93,9.96,9218400.0,797607900.0
283,"May 16, 2016",9.97,11.44,9.97,11.17,29079900.0,894751000.0
284,"May 17, 2016",11.19,12.49,11.15,12.2,37198700.0,977439940.0
285,"May 18, 2016",12.18,14.26,12.18,13.56,65389900.0,1086835000.0
286,"May 19, 2016",13.54,14.87,13.34,14.77,53757500.0,1184385800.0
287,"May 20, 2016",14.85,15.05,13.38,13.64,50544100.0,1093879400.0
288,"May 21, 2016",13.69,14.05,13.12,14.02,24648400.0,1124761600.0
289,"May 22, 2016",14.04,14.35,13.77,14.29,17938900.0,1146979500.0
290,"May 23, 2016",14.28,14.49,13.19,13.46,23842800.0,1081207300.0
291,"May 24, 2016",13.31,13.77,12.01,12.73,41560600.0,1023046500.0
292,"May 25, 2016",12.79,12.9,11.77,12.53,27444700.0,1006875600.0
293,"May 26, 2016",12.52,12.99,12.06,12.43,20764000.0,999589700.0
294,"May 27, 2016",12.39,12.39,10.5,11.3,57496400.0,908715650.0
295,"May 28, 2016",11.33,12.36,10.37,11.89,47274800.0,957134600.0
296,"May 29, 2016",12.11,12.69,11.78,12.35,28598400.0,994349400.0
297,"May 30, 2016",12.33,12.88,12.27,12.73,14733800.0,1024940350.0
298,"May 31, 2016",12.74,14.27,12.64,14.08,42433400.0,1134278900.0
299,"Jun 01, 2016",14.11,14.32,13.44,14.0,22471300.0,1128621300.0
300,"Jun 02, 2016",13.99,14.05,13.63,13.74,10477200.0,1107823600.0
301,"Jun 03, 2016",13.74,13.87,13.25,13.85,22981500.0,1117035900.0
302,"Jun 04, 2016",13.86,13.95,13.42,13.74,15792400.0,1108902300.0
303,"Jun 05, 2016",13.76,14.07,13.57,13.98,11088400.0,1128276700.0
304,"Jun 06, 2016",14.0,14.06,13.73,13.93,8720400.0,1125426000.0
305,"Jun 07, 2016",13.95,14.51,13.81,14.51,21421600.0,1172565100.0
306,"Jun 08, 2016",14.51,14.78,14.28,14.42,16941800.0,1165411500.0
307,"Jun 09, 2016",14.43,14.57,14.34,14.4,8256830.0,1164331100.0
308,"Jun 10, 2016",14.38,14.43,13.82,13.91,11312900.0,1125141800.0
309,"Jun 11, 2016",13.91,14.19,13.72,14.19,12176500.0,1148494800.0
310,"Jun 12, 2016",14.19,15.9,14.19,15.74,38210300.0,1274609700.0
311,"Jun 13, 2016",15.77,17.64,15.72,17.6,38023400.0,1425681000.0
312,"Jun 14, 2016",17.61,19.27,17.3,18.89,64412200.0,1530809000.0
313,"Jun 15, 2016",18.91,18.91,17.71,18.35,19393400.0,1487730400.0
314,"Jun 16, 2016",18.36,20.83,18.36,20.59,38531000.0,1669490400.0
315,"Jun 17, 2016",20.65,21.52,13.57,15.38,199408000.0,1247381900.0
316,"Jun 18, 2016",15.38,15.38,9.96,11.33,133937000.0,919553150.0
317,"Jun 19, 2016",11.17,13.18,10.64,12.23,69783600.0,993283650.0
318,"Jun 20, 2016",12.24,12.45,10.52,11.84,58143600.0,961613950.0
319,"Jun 21, 2016",11.82,13.42,11.29,13.31,69245600.0,1081206500.0
320,"Jun 22, 2016",13.2,15.79,13.1,13.1,96994100.0,1064441500.0
321,"Jun 23, 2016",13.22,13.79,12.56,13.68,30806400.0,1112111600.0
322,"Jun 24, 2016",13.68,14.57,13.22,14.33,33332900.0,1165908900.0
323,"Jun 25, 2016",14.3,14.58,14.02,14.28,15383100.0,1162367700.0
324,"Jun 26, 2016",14.26,14.37,13.66,13.85,14747600.0,1127593100.0
325,"Jun 27, 2016",13.81,14.12,13.75,13.88,10994700.0,1130782700.0
326,"Jun 28, 2016",13.93,13.98,11.72,12.18,43436600.0,992040060.0
327,"Jun 29, 2016",12.17,13.04,11.69,12.61,26982800.0,1027934140.0
328,"Jun 30, 2016",12.6,12.74,12.25,12.46,15801300.0,1016130560.0
329,"Jul 01, 2016",12.44,12.49,11.73,12.2,17236500.0,995164400.0
330,"Jul 02, 2016",12.22,12.22,11.95,12.13,8987070.0,989751700.0
331,"Jul 03, 2016",12.12,12.15,11.59,11.72,10588700.0,956816000.0
332,"Jul 04, 2016",11.7,11.88,11.39,11.47,12943500.0,936840400.0
333,"Jul 05, 2016",11.46,11.52,9.58,10.61,45526900.0,866971650.0
334,"Jul 06, 2016",10.58,11.11,10.28,10.53,18137300.0,860571460.0
335,"Jul 07, 2016",10.54,10.57,9.8,10.11,15407200.0,826607170.0
336,"Jul 08, 2016",10.12,11.52,9.96,11.39,20039800.0,932056900.0
337,"Jul 09, 2016",11.42,11.46,10.73,10.97,17254800.0,897316500.0
338,"Jul 10, 2016",10.96,11.01,10.78,10.95,5479240.0,896201860.0
339,"Jul 11, 2016",10.94,11.01,10.26,10.46,13098000.0,856538050.0
340,"Jul 12, 2016",10.45,10.76,10.43,10.52,11127700.0,861548350.0
341,"Jul 13, 2016",10.51,10.59,10.4,10.5,6715660.0,860607740.0
342,"Jul 14, 2016",10.6,11.68,10.6,11.51,23621900.0,943973570.0
343,"Jul 15, 2016",11.5,12.43,11.49,11.95,26838900.0,980299500.0
344,"Jul 16, 2016",11.92,11.94,11.59,11.65,10445700.0,956165950.0
345,"Jul 17, 2016",11.62,11.67,11.01,11.16,17921600.0,915977500.0
346,"Jul 18, 2016",11.17,11.61,10.95,11.03,15931900.0,906133060.0
347,"Jul 19, 2016",11.05,12.01,11.01,11.62,21730000.0,954516800.0
348,"Jul 20, 2016",11.59,12.99,11.57,12.45,60226100.0,1023222660.0
349,"Jul 21, 2016",12.46,12.71,11.99,12.65,24636900.0,1040082100.0
350,"Jul 22, 2016",12.66,14.81,12.54,14.66,74779500.0,1205898400.0
351,"Jul 23, 2016",14.67,14.9,14.05,14.3,32489700.0,1176571500.0
352,"Jul 24, 2016",14.3,14.44,12.32,12.75,77750800.0,1049423550.0
353,"Jul 25, 2016",12.74,13.86,12.68,13.84,36673800.0,1139304800.0
354,"Jul 26, 2016",13.82,13.85,11.73,11.99,94428800.0,987619840.0
355,"Jul 27, 2016",12.05,13.31,11.84,12.97,58278800.0,1069044540.0
356,"Jul 28, 2016",12.98,12.99,12.49,12.84,24603900.0,1058813500.0
357,"Jul 29, 2016",12.84,12.87,12.55,12.79,14082300.0,1055182400.0
358,"Jul 30, 2016",12.8,12.8,12.46,12.46,9047810.0,1028064450.0
359,"Jul 31, 2016",12.44,12.51,11.55,11.88,25441400.0,980174900.0
360,"Aug 01, 2016",11.89,12.01,10.94,10.94,23999500.0,903408500.0
361,"Aug 02, 2016",10.95,11.14,8.2,8.79,88803300.0,725809600.0
362,"Aug 03, 2016",8.88,10.42,8.88,10.29,53979400.0,850578600.0
363,"Aug 04, 2016",10.31,11.29,10.16,11.04,38151400.0,912823100.0
364,"Aug 05, 2016",11.02,11.18,10.76,10.93,15487900.0,903471400.0
365,"Aug 06, 2016",10.92,10.94,10.29,10.88,16712600.0,900151700.0
366,"Aug 07, 2016",10.86,11.09,10.78,10.91,16551000.0,903026900.0
367,"Aug 08, 2016",10.91,11.33,10.86,11.25,14956700.0,931013400.0
368,"Aug 09, 2016",11.27,12.45,11.2,12.24,36656600.0,1014113100.0
369,"Aug 10, 2016",12.23,12.46,11.98,12.14,28096300.0,1006130300.0
370,"Aug 11, 2016",12.14,12.27,11.63,11.69,17505000.0,969030700.0
371,"Aug 12, 2016",11.69,12.04,11.64,11.78,13690100.0,976670300.0
372,"Aug 13, 2016",11.77,11.79,11.51,11.57,7539490.0,959859200.0
373,"Aug 14, 2016",11.58,11.69,11.1,11.19,8680160.0,928985660.0
374,"Aug 15, 2016",11.2,11.31,11.0,11.22,7500840.0,931307000.0
375,"Aug 16, 2016",11.23,11.24,11.0,11.14,7051510.0,925130750.0
376,"Aug 17, 2016",11.13,11.15,10.75,10.75,8833760.0,893343040.0
377,"Aug 18, 2016",10.75,11.01,10.74,10.76,6935800.0,893970100.0
378,"Aug 19, 2016",10.75,10.8,10.73,10.75,5390850.0,893697500.0
379,"Aug 20, 2016",10.75,11.3,10.75,11.25,7443540.0,935523900.0
380,"Aug 21, 2016",11.25,11.25,10.99,11.18,4355660.0,930217100.0
381,"Aug 22, 2016",11.19,11.34,11.07,11.12,6588920.0,925725250.0
382,"Aug 23, 2016",11.14,11.23,10.9,11.03,6489380.0,918563300.0
383,"Aug 24, 2016",11.02,11.15,11.01,11.04,4423420.0,919368960.0
384,"Aug 25, 2016",11.03,11.39,11.02,11.36,8552380.0,946508860.0
385,"Aug 26, 2016",11.35,11.45,11.21,11.3,5857850.0,941701950.0
386,"Aug 27, 2016",11.29,11.29,11.14,11.15,15108400.0,929789630.0
387,"Aug 28, 2016",11.15,11.15,10.92,10.93,5303040.0,911883260.0
388,"Aug 29, 2016",10.92,11.15,10.79,10.98,8130540.0,916781200.0
389,"Aug 30, 2016",10.99,11.3,10.96,11.23,7221260.0,937596540.0
390,"Aug 31, 2016",11.24,11.68,11.18,11.67,11073700.0,975003140.0
391,"Sep 01, 2016",11.67,12.58,11.65,11.99,24051500.0,1002322700.0
392,"Sep 02, 2016",11.96,12.31,11.88,12.11,9368300.0,1012583500.0
393,"Sep 03, 2016",12.11,12.36,11.35,11.76,13358800.0,983336300.0
394,"Sep 04, 2016",11.75,11.79,11.47,11.68,7220550.0,977118500.0
395,"Sep 05, 2016",11.68,11.81,11.59,11.72,5724100.0,980599500.0
396,"Sep 06, 2016",11.73,11.73,11.47,11.69,6346330.0,978635260.0
397,"Sep 07, 2016",11.69,11.73,11.52,11.55,6115050.0,967186200.0
398,"Sep 08, 2016",11.55,11.7,11.25,11.35,11535000.0,950629700.0
399,"Sep 09, 2016",11.41,11.68,11.39,11.65,6109200.0,976718500.0
400,"Sep 10, 2016",11.66,12.22,11.54,12.17,7220300.0,1020331800.0
401,"Sep 11, 2016",12.21,12.21,11.59,11.64,8791180.0,976259300.0
402,"Sep 12, 2016",11.64,11.95,11.61,11.89,7478080.0,998057800.0
403,"Sep 13, 2016",11.89,12.09,11.88,11.92,11704300.0,1000535940.0
404,"Sep 14, 2016",11.9,12.0,11.86,11.92,5694820.0,1001301300.0
405,"Sep 15, 2016",11.94,12.14,11.92,11.94,7309090.0,1002844860.0
406,"Sep 16, 2016",11.96,12.75,11.9,12.56,17421500.0,1055235460.0
407,"Sep 17, 2016",12.56,12.76,12.44,12.7,7446610.0,1067645100.0
408,"Sep 18, 2016",12.69,12.99,12.16,12.43,22433300.0,1045462850.0
409,"Sep 19, 2016",12.44,13.19,12.42,13.19,13838800.0,1109717800.0
410,"Sep 20, 2016",13.21,14.43,13.12,14.43,31929100.0,1214629800.0
411,"Sep 21, 2016",14.43,14.43,13.17,13.77,28645000.0,1159365900.0
412,"Sep 22, 2016",13.66,13.66,12.48,13.25,27382800.0,1115923000.0
413,"Sep 23, 2016",13.21,13.45,13.1,13.33,9166430.0,1123430800.0
414,"Sep 24, 2016",13.32,13.34,12.68,12.88,9824880.0,1085651100.0
415,"Sep 25, 2016",12.85,13.11,12.8,13.1,5283440.0,1104901500.0
416,"Sep 26, 2016",13.17,13.17,12.74,12.82,7213070.0,1081884900.0
417,"Sep 27, 2016",12.86,13.21,12.86,13.1,6831070.0,1105565400.0
418,"Sep 28, 2016",13.11,13.48,13.08,13.27,10239000.0,1120893400.0
419,"Sep 29, 2016",13.28,13.34,13.07,13.07,5990630.0,1104310000.0
420,"Sep 30, 2016",13.08,13.34,13.02,13.22,5950840.0,1117517400.0
421,"Oct 01, 2016",13.2,13.31,13.05,13.17,6331160.0,1113568500.0
422,"Oct 02, 2016",13.18,13.3,13.14,13.2,4079660.0,1116323100.0
423,"Oct 03, 2016",13.2,13.49,13.19,13.45,7458320.0,1138142200.0
424,"Oct 04, 2016",13.45,13.53,13.21,13.28,8348280.0,1123727900.0
425,"Oct 05, 2016",13.28,13.35,13.04,13.04,9881370.0,1103736600.0
426,"Oct 06, 2016",13.03,13.14,12.69,12.85,12044800.0,1088799000.0
427,"Oct 07, 2016",12.85,12.99,12.53,12.67,8933050.0,1073405250.0
428,"Oct 08, 2016",12.67,12.69,12.05,12.22,11611200.0,1035883200.0
429,"Oct 09, 2016",12.22,12.36,11.98,12.05,7208480.0,1022264060.0
430,"Oct 10, 2016",12.06,12.06,11.62,11.76,10809200.0,997363900.0
431,"Oct 11, 2016",11.76,12.16,11.75,11.79,11727700.0,1000308740.0
432,"Oct 12, 2016",11.78,12.07,11.71,11.93,9694640.0,1013248300.0
433,"Oct 13, 2016",11.91,12.13,11.78,11.96,8665190.0,1016169800.0
434,"Oct 14, 2016",11.99,12.07,11.9,11.94,4333510.0,1014456200.0
435,"Oct 15, 2016",11.94,12.0,11.78,11.98,4991840.0,1018683000.0
436,"Oct 16, 2016",11.98,12.01,11.93,11.95,3617280.0,1016373300.0
437,"Oct 17, 2016",11.96,12.03,11.86,12.01,5724440.0,1021302700.0
438,"Oct 18, 2016",12.0,12.93,12.0,12.59,18864200.0,1071362750.0
439,"Oct 19, 2016",12.59,12.62,11.91,12.02,10576200.0,1023599500.0
440,"Oct 20, 2016",12.05,12.29,12.0,12.1,8170760.0,1030522240.0
441,"Oct 21, 2016",12.13,12.21,12.02,12.18,5676920.0,1037420160.0
442,"Oct 22, 2016",12.18,12.19,11.95,12.07,7583820.0,1028949800.0
443,"Oct 23, 2016",12.13,12.14,11.94,12.04,5774660.0,1026301250.0
444,"Oct 24, 2016",12.04,12.1,11.91,11.97,5739690.0,1020971970.0
445,"Oct 25, 2016",11.97,11.99,11.15,11.41,19316000.0,973991740.0
446,"Oct 26, 2016",11.38,11.66,11.38,11.53,10221800.0,984429100.0
447,"Oct 27, 2016",11.53,11.61,11.26,11.5,13255400.0,982033800.0
448,"Oct 28, 2016",11.47,11.58,10.95,11.09,13971500.0,946972500.0
449,"Oct 29, 2016",11.1,11.2,9.56,10.44,27070400.0,892565760.0
450,"Oct 30, 2016",10.43,11.45,10.29,11.18,16694900.0,956007400.0
451,"Oct 31, 2016",11.23,11.5,10.94,11.0,13393900.0,940578240.0
452,"Nov 01, 2016",10.96,11.18,10.3,10.77,22901300.0,921057500.0
453,"Nov 02, 2016",10.77,11.16,10.69,10.75,11691700.0,920237000.0
454,"Nov 03, 2016",10.8,11.11,10.76,10.8,15228600.0,924716700.0
455,"Nov 04, 2016",10.82,11.12,10.82,11.09,9958040.0,949862000.0
456,"Nov 05, 2016",11.09,11.24,10.88,11.0,5502670.0,942653950.0
457,"Nov 06, 2016",10.99,11.25,10.85,10.87,5688710.0,931947460.0
458,"Nov 07, 2016",10.9,10.96,10.78,10.81,5992480.0,926761400.0
459,"Nov 08, 2016",10.85,10.92,10.74,10.83,6258150.0,929246800.0
460,"Nov 09, 2016",10.82,10.83,10.22,10.66,14606600.0,914292100.0
461,"Nov 10, 2016",10.67,10.68,10.51,10.52,4253980.0,903380030.0
462,"Nov 11, 2016",10.51,10.57,10.26,10.29,6056300.0,883565440.0
463,"Nov 12, 2016",10.29,10.34,9.7,9.88,10052500.0,848509400.0
464,"Nov 13, 2016",9.89,10.41,9.84,10.1,8227770.0,868038300.0
465,"Nov 14, 2016",10.1,10.16,9.96,9.97,3573250.0,856753340.0
466,"Nov 15, 2016",9.97,10.32,9.85,10.22,6557550.0,878653060.0
467,"Nov 16, 2016",10.22,10.33,9.93,10.06,9533550.0,865349950.0
468,"Nov 17, 2016",10.06,10.19,9.92,9.99,6984700.0,859814340.0
469,"Nov 18, 2016",9.99,10.01,9.48,9.48,10816100.0,815806850.0
470,"Nov 19, 2016",9.48,9.75,9.48,9.66,5186540.0,832183900.0
471,"Nov 20, 2016",9.66,9.71,9.52,9.58,5173420.0,825305300.0
472,"Nov 21, 2016",9.58,9.64,9.54,9.62,3663210.0,829190400.0
473,"Nov 22, 2016",9.63,10.24,9.59,9.91,11284400.0,854053500.0
474,"Nov 23, 2016",9.92,9.96,9.76,9.84,4812310.0,849020700.0
475,"Nov 24, 2016",9.85,9.85,8.93,9.23,15987800.0,796538430.0
476,"Nov 25, 2016",9.23,9.75,9.21,9.4,7669720.0,811553900.0
477,"Nov 26, 2016",9.42,9.5,9.31,9.33,3505990.0,805474200.0
478,"Nov 27, 2016",9.31,9.33,8.78,9.0,8707660.0,777313900.0
479,"Nov 28, 2016",9.0,9.01,8.72,8.72,6046890.0,753971460.0
480,"Nov 29, 2016",8.73,8.74,7.88,8.17,17000400.0,706651200.0
481,"Nov 30, 2016",8.16,8.75,8.16,8.59,10626600.0,742664770.0
482,"Dec 01, 2016",8.6,8.65,8.36,8.45,5882340.0,731254340.0
483,"Dec 02, 2016",8.46,8.46,7.42,7.76,18579800.0,671587260.0
484,"Dec 03, 2016",7.77,8.15,7.67,7.92,12112100.0,685808100.0
485,"Dec 04, 2016",7.9,7.95,7.44,7.44,8450790.0,644685700.0
486,"Dec 05, 2016",7.41,7.64,6.66,6.82,17344500.0,591026560.0
487,"Dec 06, 2016",6.8,7.92,5.98,7.87,50671200.0,682013440.0
488,"Dec 07, 2016",7.89,8.54,7.33,8.38,22229600.0,726702400.0
489,"Dec 08, 2016",8.38,8.86,8.23,8.23,16042700.0,713877400.0
490,"Dec 09, 2016",8.17,8.67,8.05,8.45,12916300.0,732836300.0
491,"Dec 10, 2016",8.44,8.53,8.02,8.13,8108370.0,705254600.0
492,"Dec 11, 2016",8.13,8.27,8.1,8.19,5545500.0,711457150.0
493,"Dec 12, 2016",8.19,8.61,8.17,8.52,9119700.0,740255900.0
494,"Dec 13, 2016",8.52,8.53,8.35,8.42,4486190.0,731892860.0
495,"Dec 14, 2016",8.45,8.52,8.25,8.27,7337220.0,718460200.0
496,"Dec 15, 2016",8.24,8.24,7.72,7.83,13184400.0,680740350.0
497,"Dec 16, 2016",7.86,7.93,7.8,7.86,5178610.0,683575800.0
498,"Dec 17, 2016",7.86,7.9,7.52,7.88,8502620.0,685426560.0
499,"Dec 18, 2016",7.86,7.93,7.72,7.87,5890020.0,684696600.0
500,"Dec 19, 2016",7.87,7.87,7.63,7.64,5894760.0,665655000.0
501,"Dec 20, 2016",7.63,7.75,7.57,7.66,6313550.0,667309950.0
502,"Dec 21, 2016",7.66,7.94,7.66,7.91,9393550.0,689719000.0
503,"Dec 22, 2016",7.9,7.91,7.5,7.59,16376700.0,661247900.0
504,"Dec 23, 2016",7.58,7.69,7.16,7.17,19613100.0,624956500.0
505,"Dec 24, 2016",7.15,7.41,7.15,7.27,7626020.0,633871900.0
506,"Dec 25, 2016",7.26,7.34,7.14,7.18,8671840.0,626189630.0
507,"Dec 26, 2016",7.13,7.33,7.05,7.27,5836810.0,635060700.0
508,"Dec 27, 2016",7.28,7.32,7.09,7.17,8778610.0,626268700.0
509,"Dec 28, 2016",7.15,7.62,7.08,7.52,17453300.0,657011900.0
510,"Dec 29, 2016",7.54,8.53,7.54,8.28,27543800.0,724028100.0
511,"Dec 30, 2016",8.29,8.47,8.05,8.16,13909900.0,713433600.0
512,"Dec 31, 2016",8.15,8.16,7.91,7.97,9066800.0,696993600.0
513,"Jan 01, 2017",7.98,8.47,7.98,8.17,14731700.0,715049200.0
514,"Jan 02, 2017",8.17,8.44,8.05,8.38,14579600.0,733331650.0
515,"Jan 03, 2017",8.37,10.0,8.32,9.73,33625200.0,851512060.0
516,"Jan 04, 2017",9.71,11.28,9.56,11.25,41051200.0,985515900.0
517,"Jan 05, 2017",11.29,11.89,9.4,10.25,41557400.0,898497900.0
518,"Jan 06, 2017",10.29,10.63,9.63,10.25,29471800.0,898845950.0
519,"Jan 07, 2017",10.24,10.28,9.59,9.87,23153600.0,865194500.0
520,"Jan 08, 2017",9.87,10.39,9.83,10.29,16676600.0,902576800.0
521,"Jan 09, 2017",10.31,10.78,10.14,10.33,25718300.0,906044600.0
522,"Jan 10, 2017",10.37,10.69,10.29,10.55,10879700.0,926031170.0
523,"Jan 11, 2017",10.54,10.66,9.46,9.72,26823500.0,853319740.0
524,"Jan 12, 2017",9.72,10.08,9.18,9.86,30453800.0,866237630.0
525,"Jan 13, 2017",9.83,9.85,9.51,9.77,25066600.0,858481100.0
526,"Jan 14, 2017",9.79,9.89,9.44,9.65,20085800.0,847990600.0
527,"Jan 15, 2017",9.83,10.0,9.6,9.9,14837900.0,870949000.0
528,"Jan 16, 2017",9.88,9.93,9.58,9.64,14937400.0,847706500.0
529,"Jan 17, 2017",9.64,10.61,9.54,10.3,18391900.0,906597950.0
530,"Jan 18, 2017",10.3,10.52,9.94,10.23,10788200.0,900365700.0
531,"Jan 19, 2017",10.24,10.44,10.18,10.4,8347550.0,915611840.0
532,"Jan 20, 2017",10.39,10.76,10.35,10.6,10992800.0,933854300.0
533,"Jan 21, 2017",10.6,10.98,10.58,10.91,11937600.0,961383800.0
534,"Jan 22, 2017",10.91,10.97,10.58,10.7,8678620.0,943567900.0
535,"Jan 23, 2017",10.71,10.84,10.67,10.82,7267210.0,954275900.0
536,"Jan 24, 2017",10.73,10.77,10.57,10.63,8327330.0,938004350.0
537,"Jan 25, 2017",10.62,10.62,10.48,10.57,6751450.0,932866700.0
538,"Jan 26, 2017",10.57,10.67,10.51,10.59,8465020.0,934844900.0
539,"Jan 27, 2017",10.58,10.61,10.44,10.54,7189170.0,930599700.0
540,"Jan 28, 2017",10.54,10.58,10.43,10.56,6580700.0,933378700.0
541,"Jan 29, 2017",10.56,10.57,10.45,10.48,4689950.0,926548700.0
542,"Jan 30, 2017",10.49,10.71,10.47,10.57,8042180.0,934593340.0
543,"Jan 31, 2017",10.56,10.75,10.55,10.73,11648700.0,948748900.0
544,"Feb 01, 2017",10.74,10.85,10.56,10.73,12852200.0,949491700.0
545,"Feb 02, 2017",10.74,10.89,10.55,10.82,10172500.0,957731840.0
546,"Feb 03, 2017",10.81,11.11,10.76,11.11,12897800.0,984019800.0
547,"Feb 04, 2017",11.13,11.5,11.13,11.43,14139500.0,1012625900.0
548,"Feb 05, 2017",11.44,11.49,11.32,11.35,5942960.0,1005855040.0
549,"Feb 06, 2017",11.35,11.48,11.34,11.39,5695440.0,1009440300.0
550,"Feb 07, 2017",11.43,11.61,11.41,11.52,7629640.0,1020961150.0
551,"Feb 08, 2017",11.54,11.63,11.24,11.43,9688630.0,1013867300.0
552,"Feb 09, 2017",11.44,11.6,10.67,11.03,18400300.0,978825660.0
553,"Feb 10, 2017",11.05,11.34,10.78,11.28,11914200.0,1001069250.0
554,"Feb 11, 2017",11.29,11.43,11.24,11.35,7544520.0,1007694100.0
555,"Feb 12, 2017",11.35,11.4,11.3,11.4,6264900.0,1012466400.0
556,"Feb 13, 2017",11.38,11.39,11.17,11.27,7216520.0,1001304060.0
557,"Feb 14, 2017",11.29,13.33,11.29,13.03,42911500.0,1157709400.0
558,"Feb 15, 2017",13.04,13.04,12.64,12.92,18464700.0,1148742700.0
559,"Feb 16, 2017",12.92,12.92,12.54,12.9,38002600.0,1147726700.0
560,"Feb 17, 2017",12.9,12.91,12.66,12.68,11636500.0,1127915300.0
561,"Feb 18, 2017",12.71,12.83,12.68,12.81,9370010.0,1140211200.0
562,"Feb 19, 2017",12.82,12.87,12.71,12.76,7799740.0,1136008800.0
563,"Feb 20, 2017",12.77,12.9,12.43,12.43,12994400.0,1107158300.0
564,"Feb 21, 2017",12.34,12.77,12.21,12.67,15183300.0,1128781700.0
565,"Feb 22, 2017",12.69,12.76,12.55,12.6,10360900.0,1123050500.0
566,"Feb 23, 2017",12.6,13.21,12.56,13.12,14522300.0,1169783200.0
567,"Feb 24, 2017",13.13,13.23,12.88,13.07,19574400.0,1165715700.0
568,"Feb 25, 2017",13.06,13.72,12.98,13.55,18533900.0,1208912000.0
569,"Feb 26, 2017",13.52,14.54,13.4,14.52,20307500.0,1296040800.0
570,"Feb 27, 2017",14.51,15.68,14.27,15.4,31667000.0,1374757000.0
571,"Feb 28, 2017",15.45,16.06,15.12,15.82,65478900.0,1412825300.0
572,"Mar 01, 2017",15.85,17.37,15.56,17.35,44927500.0,1550251900.0
573,"Mar 02, 2017",17.36,19.35,16.95,19.03,83627100.0,1701012000.0
574,"Mar 03, 2017",19.04,20.67,18.41,19.46,95863400.0,1739949800.0
575,"Mar 04, 2017",19.52,20.06,18.62,18.62,27341900.0,1665411600.0
576,"Mar 05, 2017",18.5,19.42,18.23,19.3,26816300.0,1727148700.0
577,"Mar 06, 2017",19.28,20.1,19.11,19.61,32432700.0,1754907800.0
578,"Mar 07, 2017",19.58,19.63,18.64,18.89,37972200.0,1691307000.0
579,"Mar 08, 2017",18.88,18.88,16.65,16.65,44304600.0,1491498900.0
580,"Mar 09, 2017",16.64,17.87,16.37,17.75,31418400.0,1590879600.0
581,"Mar 10, 2017",17.74,19.66,17.68,19.33,87506800.0,1732837100.0
582,"Mar 11, 2017",19.37,21.59,19.01,21.47,69150100.0,1925343000.0
583,"Mar 12, 2017",21.46,23.44,21.38,23.44,74628900.0,2102276200.0
584,"Mar 13, 2017",23.5,30.6,23.5,28.59,255488000.0,2565583400.0
585,"Mar 14, 2017",28.57,29.93,27.32,28.65,101797000.0,2572015000.0
586,"Mar 15, 2017",28.65,35.06,28.43,35.06,170344000.0,3147689200.0
587,"Mar 16, 2017",35.36,47.17,35.36,46.35,454418000.0,4162873900.0
588,"Mar 17, 2017",45.93,55.11,38.21,46.83,497534000.0,4207676000.0
589,"Mar 18, 2017",46.87,46.87,31.7,34.16,262180000.0,3070500600.0
590,"Mar 19, 2017",35.53,47.0,35.34,44.74,239430000.0,4022867200.0
591,"Mar 20, 2017",44.83,46.23,42.44,43.39,154701000.0,3902862600.0
592,"Mar 21, 2017",43.51,44.26,42.37,43.15,91265400.0,3882154800.0
593,"Mar 22, 2017",43.12,43.52,39.69,42.34,113952000.0,3811229700.0
594,"Mar 23, 2017",42.57,44.75,41.3,43.68,100724000.0,3932864000.0
595,"Mar 24, 2017",43.64,54.14,43.21,53.11,297046000.0,4783511000.0
596,"Mar 25, 2017",53.58,53.58,48.31,51.25,223059000.0,4617794600.0
597,"Mar 26, 2017",50.77,51.8,49.28,50.52,106859000.0,4553738000.0
598,"Mar 27, 2017",51.31,52.46,48.93,49.67,118978000.0,4478238000.0
599,"Mar 28, 2017",49.71,50.96,49.15,50.77,97745300.0,4579693600.0
600,"Mar 29, 2017",50.57,53.87,50.55,53.13,144998000.0,4793424000.0
601,"Mar 30, 2017",53.12,53.31,51.87,52.21,86885700.0,4711996400.0
602,"Mar 31, 2017",51.75,51.77,47.38,50.04,151416000.0,4517836000.0
603,"Apr 01, 2017",50.03,51.93,48.88,50.7,92461900.0,4579187700.0
604,"Apr 02, 2017",50.74,51.27,45.43,48.75,134604000.0,4404475400.0
605,"Apr 03, 2017",48.82,48.82,43.41,44.36,190513000.0,4009009200.0
606,"Apr 04, 2017",43.92,45.74,41.72,44.64,157568000.0,4036201200.0
607,"Apr 05, 2017",44.66,47.84,44.54,45.3,119733000.0,4097478000.0
608,"Apr 06, 2017",45.22,45.64,40.9,43.24,147120000.0,3912318000.0
609,"Apr 07, 2017",42.87,44.04,41.65,42.16,81474700.0,3815963100.0
610,"Apr 08, 2017",41.8,45.21,41.73,44.31,74138800.0,4011422500.0
611,"Apr 09, 2017",44.28,44.49,42.89,43.27,55143000.0,3918563300.0
612,"Apr 10, 2017",43.28,44.14,42.42,43.44,44061500.0,3935103200.0
613,"Apr 11, 2017",43.5,44.25,43.3,43.41,38303300.0,3933886200.0
614,"Apr 12, 2017",43.46,47.23,43.11,46.29,88045700.0,4196303000.0
615,"Apr 13, 2017",46.31,50.91,46.31,50.22,157200000.0,4554299400.0
616,"Apr 14, 2017",49.97,50.05,46.76,47.57,91674400.0,4315879000.0
617,"Apr 15, 2017",47.65,49.57,47.18,49.1,66207800.0,4455916500.0
618,"Apr 16, 2017",49.04,49.14,48.19,48.72,31343800.0,4422644000.0
619,"Apr 17, 2017",48.66,48.75,48.05,48.3,44013300.0,4386552000.0
620,"Apr 18, 2017",48.32,51.03,48.3,50.71,78748500.0,4606307300.0
621,"Apr 19, 2017",50.73,50.95,47.26,48.31,76281000.0,4389520000.0
622,"Apr 20, 2017",48.13,49.99,48.13,49.67,79600900.0,4515241500.0
623,"Apr 21, 2017",49.64,49.66,48.14,48.22,45048300.0,4385105000.0
624,"Apr 22, 2017",48.18,48.74,48.17,48.55,37357600.0,4416442000.0
625,"Apr 23, 2017",48.59,48.89,48.17,48.49,36234000.0,4412126000.0
626,"Apr 24, 2017",48.87,50.18,48.87,50.03,55580600.0,4553943000.0
627,"Apr 25, 2017",50.07,50.3,49.81,49.89,38264600.0,4542708700.0
628,"Apr 26, 2017",49.91,53.44,49.91,52.72,104884000.0,4801851000.0
629,"Apr 27, 2017",52.81,62.17,52.29,62.17,246775000.0,5664157700.0
630,"Apr 28, 2017",62.23,70.85,62.13,70.16,346546000.0,6394355000.0
631,"Apr 29, 2017",71.39,71.9,66.78,68.38,165448000.0,6233911300.0
632,"Apr 30, 2017",68.54,79.02,68.35,79.02,229945000.0,7206670000.0
633,"May 01, 2017",79.32,82.52,73.09,76.3,376842000.0,6960466400.0
634,"May 02, 2017",76.65,79.35,74.38,77.26,193773000.0,7050942000.0
635,"May 03, 2017",77.25,80.1,75.76,79.72,141922000.0,7277279000.0
636,"May 04, 2017",79.72,97.56,79.43,96.98,366847000.0,8856051000.0
637,"May 05, 2017",96.73,103.23,92.22,94.4,331928000.0,8622992000.0
638,"May 06, 2017",94.91,97.88,90.95,97.81,151462000.0,8937843000.0
639,"May 07, 2017",97.87,98.24,89.87,94.01,183295000.0,8592854000.0
640,"May 08, 2017",93.75,95.14,89.51,91.42,231344000.0,8359085600.0
641,"May 09, 2017",91.23,93.06,80.39,91.16,363434000.0,8338258400.0
642,"May 10, 2017",91.15,92.85,85.29,89.52,145602000.0,8191083500.0
643,"May 11, 2017",89.77,102.55,88.48,89.88,132722000.0,8226220000.0
644,"May 12, 2017",89.43,93.12,88.66,88.66,145825000.0,8116816400.0
645,"May 13, 2017",88.69,93.81,86.66,90.84,88742200.0,8319066600.0
646,"May 14, 2017",90.87,91.25,89.61,90.79,66046600.0,8317148700.0
647,"May 15, 2017",90.78,95.43,86.83,92.41,170999000.0,8468960000.0
648,"May 16, 2017",92.39,93.56,89.12,89.44,152285000.0,8198722600.0
649,"May 17, 2017",89.25,91.27,84.43,89.86,183031000.0,8239948300.0
650,"May 18, 2017",89.84,97.37,89.84,96.91,196237000.0,8888797000.0
651,"May 19, 2017",97.05,133.56,97.05,129.53,626945000.0,11884633000.0
652,"May 20, 2017",129.22,133.64,124.7,126.52,331455000.0,11612448000.0
653,"May 21, 2017",127.54,159.03,125.89,157.94,570361000.0,14500422000.0
654,"May 22, 2017",158.17,201.75,152.47,174.26,1188910000.0,16004156000.0
655,"May 23, 2017",170.82,183.55,169.93,181.95,530709000.0,16715702000.0
656,"May 24, 2017",182.65,228.37,182.45,190.05,561014000.0,17464736000.0
657,"May 25, 2017",189.85,210.98,170.51,174.45,943637000.0,16036166000.0
658,"May 26, 2017",175.22,193.69,150.28,160.4,792458000.0,14749890000.0
659,"May 27, 2017",159.82,166.95,120.44,157.76,1217060000.0,14511207000.0
660,"May 28, 2017",158.82,179.93,157.6,170.51,717971000.0,15689192000.0
661,"May 29, 2017",170.13,197.13,164.53,194.91,718828000.0,17939882000.0
662,"May 30, 2017",195.61,233.71,189.29,231.91,1586670000.0,21352550000.0
663,"May 31, 2017",231.58,236.96,215.57,230.67,1271600000.0,21244817000.0
664,"Jun 01, 2017",230.89,236.22,214.48,222.24,812924000.0,20474653000.0
665,"Jun 02, 2017",222.29,229.41,219.58,223.77,469532000.0,20622162000.0
666,"Jun 03, 2017",223.46,225.97,219.42,224.38,427896000.0,20683717000.0
667,"Jun 04, 2017",224.12,250.41,223.98,245.33,753820000.0,22622208000.0
668,"Jun 05, 2017",245.26,249.47,243.05,248.46,435660000.0,22917910000.0
669,"Jun 06, 2017",248.6,267.51,246.84,264.47,741553000.0,24401180000.0
670,"Jun 07, 2017",264.26,264.67,254.04,258.07,461649000.0,23818300000.0
671,"Jun 08, 2017",257.99,262.25,253.98,261.67,385494000.0,24157330000.0
672,"Jun 09, 2017",261.75,282.76,261.75,281.74,557986000.0,26018100000.0
673,"Jun 10, 2017",282.01,350.26,282.01,337.67,1611630000.0,31192780000.0
674,"Jun 11, 2017",338.79,353.01,318.17,340.61,1373220000.0,31473965000.0
675,"Jun 12, 2017",341.16,414.76,341.16,401.49,2882650000.0,37110948000.0
676,"Jun 13, 2017",395.69,411.18,370.06,397.54,1717380000.0,36756800000.0
677,"Jun 14, 2017",397.59,399.32,342.21,359.05,1272580000.0,33208658000.0
678,"Jun 15, 2017",358.51,364.44,300.7,361.93,2463450000.0,33485259000.0
679,"Jun 16, 2017",361.18,373.05,341.42,370.23,1096280000.0,34263095000.0
680,"Jun 17, 2017",369.88,379.41,364.0,379.41,904653000.0,35124050000.0
681,"Jun 18, 2017",379.52,390.58,368.84,371.46,904703000.0,34398150000.0
682,"Jun 19, 2017",371.86,377.11,369.76,370.06,685172000.0,34278916000.0
683,"Jun 20, 2017",370.33,377.97,350.94,359.01,1020390000.0,33260960000.0
684,"Jun 21, 2017",359.54,361.34,319.48,336.87,1420130000.0,31222823000.0
685,"Jun 22, 2017",337.73,342.03,330.62,336.37,925767000.0,31185326000.0
686,"Jun 23, 2017",336.48,348.01,334.99,341.74,593207000.0,31691910000.0
687,"Jun 24, 2017",341.63,343.62,322.09,323.7,673585000.0,30027240000.0
688,"Jun 25, 2017",323.47,332.79,284.65,303.25,1186880000.0,28138410000.0
689,"Jun 26, 2017",302.95,311.46,238.65,272.69,2081810000.0,25309760000.0
690,"Jun 27, 2017",272.69,293.09,227.14,293.09,1973870000.0,27211278000.0
691,"Jun 28, 2017",293.04,333.1,276.41,327.93,2056550000.0,30454577000.0
692,"Jun 29, 2017",328.37,330.71,297.37,302.88,1508580000.0,28136920000.0
693,"Jun 30, 2017",303.15,315.17,288.44,294.92,1011800000.0,27404732000.0
694,"Jul 01, 2017",293.35,293.75,268.62,274.6,1089200000.0,25524314000.0
695,"Jul 02, 2017",275.12,295.51,262.52,287.99,1123330000.0,26776244000.0
696,"Jul 03, 2017",288.41,291.1,281.18,282.9,851408000.0,26310762000.0
697,"Jul 04, 2017",282.19,287.39,273.11,273.3,687691000.0,25425860000.0
698,"Jul 05, 2017",273.1,275.13,261.45,268.77,790256000.0,25011710000.0
699,"Jul 06, 2017",268.86,278.48,265.51,270.55,623080000.0,25179350000.0
700,"Jul 07, 2017",270.35,273.94,244.17,245.99,687252000.0,22900134000.0
701,"Jul 08, 2017",245.89,273.48,236.55,251.7,754958000.0,23443014000.0
702,"Jul 09, 2017",251.82,255.1,242.14,242.14,505118000.0,22559121000.0
703,"Jul 10, 2017",243.01,243.07,196.96,215.36,937219000.0,20069374000.0
704,"Jul 11, 2017",211.52,220.29,183.39,197.4,1440950000.0,18401040000.0
705,"Jul 12, 2017",197.15,230.77,189.59,230.77,1241190000.0,21517152000.0
706,"Jul 13, 2017",231.81,231.81,200.07,209.73,828489000.0,19560300000.0
707,"Jul 14, 2017",209.53,211.1,187.37,199.66,749382000.0,18625794000.0
708,"Jul 15, 2017",199.71,200.16,170.65,170.65,810452000.0,15923954000.0
709,"Jul 16, 2017",169.57,172.01,133.72,157.36,1516890000.0,14687442000.0
710,"Jul 17, 2017",159.99,194.75,158.04,193.42,1669500000.0,18057736000.0
711,"Jul 18, 2017",195.03,267.99,182.06,234.39,2709260000.0,21887963000.0
712,"Jul 19, 2017",234.94,245.65,191.74,199.7,2328790000.0,18653610000.0
713,"Jul 20, 2017",205.42,233.9,203.22,227.26,2225000000.0,21233652000.0
714,"Jul 21, 2017",226.06,235.12,213.01,218.3,1006130000.0,20401710000.0
715,"Jul 22, 2017",217.86,232.7,216.87,229.48,618260000.0,21451274000.0
716,"Jul 23, 2017",229.12,231.68,217.72,225.95,649615000.0,21127295000.0
717,"Jul 24, 2017",226.29,227.54,222.45,224.71,431691000.0,21016754000.0
718,"Jul 25, 2017",224.37,225.32,195.85,206.71,1095760000.0,19338263000.0
719,"Jul 26, 2017",207.09,210.77,194.78,203.95,717692000.0,19085332000.0
720,"Jul 27, 2017",204.86,206.44,201.26,204.32,393283000.0,19124468000.0
721,"Jul 28, 2017",204.32,204.9,192.3,193.12,562571000.0,18081288000.0
722,"Jul 29, 2017",193.34,208.68,179.65,205.79,824355000.0,19272280000.0
723,"Jul 30, 2017",206.74,208.54,196.15,197.98,596234000.0,18545670000.0
724,"Jul 31, 2017",197.4,203.87,193.41,203.87,569414000.0,19102597000.0
725,"Aug 01, 2017",204.69,227.74,204.69,226.77,1585330000.0,21252989000.0
726,"Aug 02, 2017",227.01,229.51,218.12,219.95,632606000.0,20618746000.0
727,"Aug 03, 2017",220.18,228.29,219.89,225.34,557217000.0,21128737000.0
728,"Aug 04, 2017",225.31,227.62,222.06,223.07,539783000.0,20920682000.0
729,"Aug 05, 2017",222.85,256.51,221.95,256.51,1333000000.0,24061766000.0
730,"Aug 06, 2017",256.42,271.05,252.85,261.57,1482980000.0,24541905000.0
731,"Aug 07, 2017",261.24,271.96,256.69,269.18,935727000.0,25262098000.0
732,"Aug 08, 2017",269.1,298.91,266.8,296.77,1502410000.0,27857713000.0
733,"Aug 09, 2017",297.63,318.72,276.69,296.03,2638580000.0,27794475000.0
734,"Aug 10, 2017",296.96,306.59,289.93,295.89,1076820000.0,27788165000.0
735,"Aug 11, 2017",294.49,309.21,294.49,308.86,953576000.0,29013166000.0
736,"Aug 12, 2017",308.71,317.56,307.9,310.6,1111650000.0,29183140000.0
737,"Aug 13, 2017",310.37,310.82,289.31,298.06,1369370000.0,28011760000.0
738,"Aug 14, 2017",298.03,306.81,296.41,300.1,864391000.0,28209450000.0
739,"Aug 15, 2017",299.95,300.41,279.33,289.82,1051800000.0,27249640000.0
740,"Aug 16, 2017",289.82,303.41,285.39,302.27,967643000.0,28426960000.0
741,"Aug 17, 2017",302.8,311.03,300.25,301.46,909494000.0,28357573000.0
742,"Aug 18, 2017",301.7,307.96,292.5,295.59,936160000.0,27812276000.0
743,"Aug 19, 2017",296.18,301.67,286.18,297.47,860202000.0,27995886000.0
744,"Aug 20, 2017",296.64,301.43,291.58,301.43,571947000.0,28375046000.0
745,"Aug 21, 2017",300.48,347.05,297.23,321.59,2448970000.0,30280407000.0
746,"Aug 22, 2017",321.05,327.36,297.91,314.79,1336400000.0,29646660000.0
747,"Aug 23, 2017",315.27,324.21,314.54,317.52,811990000.0,29911327000.0
748,"Aug 24, 2017",317.45,327.96,317.08,325.61,697665000.0,30680965000.0
749,"Aug 25, 2017",326.11,336.4,325.8,331.92,760329000.0,31281210000.0
750,"Aug 26, 2017",331.99,334.98,327.92,333.88,514181000.0,31472781000.0
751,"Aug 27, 2017",334.36,347.89,334.36,347.89,633370000.0,32799992000.0
752,"Aug 28, 2017",350.04,352.05,338.41,347.75,854319000.0,32792635000.0
753,"Aug 29, 2017",347.96,373.76,347.79,370.67,1220030000.0,34961064000.0
754,"Aug 30, 2017",369.47,388.75,361.97,378.48,1333320000.0,35705640000.0
755,"Aug 31, 2017",378.44,386.14,376.35,383.04,706254000.0,36142707000.0
756,"Sep 01, 2017",383.47,390.04,383.47,387.74,874222000.0,36593410000.0
757,"Sep 02, 2017",387.82,389.35,328.1,348.98,1483600000.0,32942250000.0
758,"Sep 03, 2017",350.23,366.49,332.23,347.48,986266000.0,32807141000.0
759,"Sep 04, 2017",347.13,347.13,279.94,295.17,1801690000.0,27873681000.0
760,"Sep 05, 2017",297.57,318.57,268.29,312.99,1551050000.0,29562163000.0
761,"Sep 06, 2017",313.8,334.66,313.49,334.34,1058830000.0,31584913000.0
762,"Sep 07, 2017",333.52,333.52,319.94,329.43,718624000.0,31127464000.0
763,"Sep 08, 2017",329.64,329.64,285.16,296.5,1098780000.0,28021551000.0
764,"Sep 09, 2017",296.17,299.89,287.22,294.4,528621000.0,27829434000.0
765,"Sep 10, 2017",294.06,294.76,268.97,288.75,698326000.0,27300090000.0
766,"Sep 11, 2017",289.74,300.69,286.68,294.53,571307000.0,27852587000.0
767,"Sep 12, 2017",294.63,311.2,287.23,291.46,753144000.0,27568017000.0
768,"Sep 13, 2017",291.12,291.12,260.61,277.11,921692000.0,26215830000.0
769,"Sep 14, 2017",276.59,280.84,213.91,213.91,1184590000.0,20240634000.0
770,"Sep 15, 2017",215.22,258.65,195.04,250.46,1935700000.0,23704566000.0
771,"Sep 16, 2017",250.87,262.59,238.22,246.52,711737000.0,23336258000.0
772,"Sep 17, 2017",245.85,257.0,235.24,251.75,427452000.0,23835888000.0
773,"Sep 18, 2017",252.23,293.5,252.23,293.5,1127750000.0,27794233000.0
774,"Sep 19, 2017",293.66,295.77,274.48,282.8,646909000.0,26787084000.0
775,"Sep 20, 2017",282.02,290.89,278.05,283.74,421404000.0,26881372000.0
776,"Sep 21, 2017",283.26,286.61,255.02,258.58,601266000.0,24502550000.0
777,"Sep 22, 2017",258.11,270.54,256.22,264.31,430081000.0,25049676000.0
778,"Sep 23, 2017",264.6,286.17,261.12,286.17,450934000.0,27125539000.0
779,"Sep 24, 2017",286.21,292.95,278.13,282.48,571411000.0,26780610000.0
780,"Sep 25, 2017",282.22,293.52,281.88,292.33,483161000.0,27718685000.0
781,"Sep 26, 2017",292.35,293.75,287.02,287.44,345801000.0,27259015000.0
782,"Sep 27, 2017",287.02,308.02,286.82,306.47,550244000.0,29068343000.0
783,"Sep 28, 2017",306.47,307.2,295.47,299.15,501894000.0,28379292000.0
784,"Sep 29, 2017",299.12,299.92,279.77,291.47,541375000.0,27654290000.0
785,"Sep 30, 2017",291.48,303.96,291.11,301.46,332439000.0,28607406000.0
786,"Oct 01, 2017",301.55,303.19,295.06,302.34,306185000.0,28694730000.0
787,"Oct 02, 2017",302.48,302.92,294.58,297.48,339443000.0,28237765000.0
788,"Oct 03, 2017",297.48,300.11,288.13,292.46,321680000.0,27766444000.0
789,"Oct 04, 2017",292.75,299.39,290.89,292.66,257906000.0,27789445000.0
790,"Oct 05, 2017",292.77,298.04,288.84,295.86,253747000.0,28098337000.0
791,"Oct 06, 2017",295.15,308.84,294.95,308.59,318664000.0,29311484000.0
792,"Oct 07, 2017",308.89,313.13,304.98,311.12,342205000.0,29557050000.0
793,"Oct 08, 2017",311.06,312.54,308.03,308.61,293167000.0,29322711000.0
794,"Oct 09, 2017",308.67,309.31,288.18,297.39,559467000.0,28261534000.0
795,"Oct 10, 2017",297.6,306.15,293.17,299.87,359706000.0,28501668000.0
796,"Oct 11, 2017",301.18,304.39,299.1,303.46,264146000.0,28847213000.0
797,"Oct 12, 2017",303.5,309.15,303.29,304.14,527557000.0,28916525000.0
798,"Oct 13, 2017",304.08,348.6,299.66,338.76,1304360000.0,32213443000.0
799,"Oct 14, 2017",338.85,347.98,334.7,339.63,516562000.0,32301460000.0
800,"Oct 15, 2017",339.53,342.72,320.43,336.6,635407000.0,32018244000.0
801,"Oct 16, 2017",336.71,349.35,332.04,333.38,692885000.0,31718201000.0
802,"Oct 17, 2017",333.48,333.48,311.79,317.08,509924000.0,30173610000.0
803,"Oct 18, 2017",316.94,317.24,290.64,314.32,606114000.0,29917084000.0
804,"Oct 19, 2017",314.54,316.71,305.83,308.09,349830000.0,29330305000.0
805,"Oct 20, 2017",308.05,311.44,303.49,304.01,396673000.0,28947917000.0
806,"Oct 21, 2017",303.57,303.93,291.77,300.19,408014000.0,28590313000.0
807,"Oct 22, 2017",300.55,305.5,292.81,295.45,327387000.0,28144796000.0
808,"Oct 23, 2017",295.1,295.75,277.58,286.95,482336000.0,27341320000.0
809,"Oct 24, 2017",287.12,311.96,282.66,298.33,684281000.0,28431575000.0
810,"Oct 25, 2017",298.44,301.85,290.72,297.92,325040000.0,28399186000.0
811,"Oct 26, 2017",298.02,301.07,295.22,296.53,270273000.0,28271925000.0
812,"Oct 27, 2017",296.51,299.26,294.06,297.42,257169000.0,28363440000.0
813,"Oct 28, 2017",297.92,300.36,293.58,296.3,264424000.0,28262203000.0
814,"Oct 29, 2017",296.38,313.76,296.38,305.09,551752000.0,29106827000.0
815,"Oct 30, 2017",304.78,310.5,304.35,307.75,331442000.0,29367079000.0
816,"Oct 31, 2017",307.38,310.55,305.88,305.88,369583000.0,29194752000.0
817,"Nov 01, 2017",305.76,306.4,290.58,291.69,553864000.0,27846765000.0
818,"Nov 02, 2017",290.73,293.91,281.17,287.43,904901000.0,27445443000.0
819,"Nov 03, 2017",288.5,308.31,287.69,305.71,646340000.0,29197318000.0
820,"Nov 04, 2017",305.48,305.48,295.8,300.47,416479000.0,28702736000.0
821,"Nov 05, 2017",300.04,301.37,295.12,296.26,337658000.0,28307053000.0
822,"Nov 06, 2017",296.43,305.42,293.72,298.89,579359000.0,28564296000.0
823,"Nov 07, 2017",298.57,304.84,290.77,294.66,540766000.0,28165780000.0
824,"Nov 08, 2017",294.27,318.7,293.1,309.07,967956000.0,29549552000.0
825,"Nov 09, 2017",308.64,329.45,307.06,320.88,893250000.0,30685583000.0
826,"Nov 10, 2017",320.67,324.72,294.54,299.25,885986000.0,28623188000.0
827,"Nov 11, 2017",298.59,319.45,298.19,314.68,842301000.0,30105287000.0
828,"Nov 12, 2017",314.69,319.15,298.51,307.91,1613480000.0,29463540000.0
829,"Nov 13, 2017",307.02,328.42,307.02,316.72,1041890000.0,30312835000.0
830,"Nov 14, 2017",316.76,340.18,316.76,337.63,1069680000.0,32321384000.0
831,"Nov 15, 2017",337.96,340.91,329.81,333.36,722666000.0,31919060000.0
832,"Nov 16, 2017",333.44,336.16,323.61,330.92,797254000.0,31692796000.0
833,"Nov 17, 2017",330.17,334.96,327.52,332.39,621733000.0,31840350000.0
834,"Nov 18, 2017",331.98,349.62,327.69,347.61,649639000.0,33305160000.0
835,"Nov 19, 2017",347.4,371.29,344.74,354.39,1181530000.0,33961431000.0
836,"Nov 20, 2017",354.09,372.14,353.29,366.73,807027000.0,35151847000.0
837,"Nov 21, 2017",367.44,372.47,350.69,360.4,949912000.0,34552560000.0
838,"Nov 22, 2017",360.31,381.42,360.15,380.65,800819000.0,36501880000.0
839,"Nov 23, 2017",381.44,425.55,376.09,410.17,1845680000.0,39340410000.0
840,"Nov 24, 2017",412.5,480.97,402.76,474.91,2292830000.0,45560020000.0
841,"Nov 25, 2017",475.68,485.19,461.05,466.28,1422080000.0,44741095000.0
842,"Nov 26, 2017",465.97,472.72,451.61,471.33,1197780000.0,45235646000.0
843,"Nov 27, 2017",471.53,493.4,468.48,480.36,1396480000.0,46111560000.0
844,"Nov 28, 2017",480.52,482.48,466.35,472.9,1346500000.0,45405716000.0
845,"Nov 29, 2017",473.28,522.31,425.07,427.52,2675940000.0,41057382000.0
846,"Nov 30, 2017",431.21,465.5,401.24,447.11,1903040000.0,42947936000.0
847,"Dec 01, 2017",445.21,472.61,428.31,466.54,1247880000.0,44823458000.0
848,"Dec 02, 2017",466.85,476.24,456.65,463.45,943650000.0,44535865000.0
849,"Dec 03, 2017",463.7,482.81,451.85,465.85,990557000.0,44776360000.0
850,"Dec 04, 2017",466.05,474.78,453.31,470.2,1005550000.0,45204144000.0
851,"Dec 05, 2017",470.29,473.56,457.66,463.28,1216720000.0,44548157000.0
852,"Dec 06, 2017",462.6,462.71,420.21,428.59,1998260000.0,41220997000.0
853,"Dec 07, 2017",426.37,441.4,414.41,434.41,2129570000.0,41789850000.0
854,"Dec 08, 2017",434.99,466.06,422.37,456.03,2336380000.0,43879256000.0
855,"Dec 09, 2017",457.34,504.15,456.25,473.5,2003850000.0,45570080000.0
856,"Dec 10, 2017",472.79,472.79,429.51,441.72,1404180000.0,42520478000.0
857,"Dec 11, 2017",440.36,516.97,439.1,515.14,1771440000.0,49597927000.0
858,"Dec 12, 2017",522.29,657.32,504.49,651.43,5179830000.0,62733984000.0
859,"Dec 13, 2017",644.91,747.99,597.8,702.77,4524540000.0,67692233000.0
860,"Dec 14, 2017",700.59,753.12,664.99,695.82,3821580000.0,67036918000.0
861,"Dec 15, 2017",696.38,697.13,621.06,684.45,2758710000.0,65956176000.0
862,"Dec 16, 2017",686.19,718.39,680.79,696.21,2165690000.0,67103695000.0
863,"Dec 17, 2017",696.24,735.83,696.24,719.97,2147390000.0,69409020000.0
864,"Dec 18, 2017",721.73,803.93,689.23,794.65,3249230000.0,76623900000.0
865,"Dec 19, 2017",793.9,881.94,785.34,826.82,4096550000.0,79743740000.0
866,"Dec 20, 2017",827.52,845.06,756.0,819.09,3969940000.0,79014430000.0
867,"Dec 21, 2017",820.24,880.54,792.69,821.06,3569060000.0,79221900000.0
868,"Dec 22, 2017",822.64,827.68,543.76,674.86,4977710000.0,65129107000.0
869,"Dec 23, 2017",681.32,763.9,679.73,719.39,2480340000.0,69441300000.0
870,"Dec 24, 2017",721.77,721.77,614.92,694.15,2300550000.0,67019240000.0
871,"Dec 25, 2017",698.87,782.52,698.87,765.83,2491760000.0,73955750000.0
872,"Dec 26, 2017",763.37,786.79,760.93,773.84,2201160000.0,74744610000.0
873,"Dec 27, 2017",774.97,789.25,738.41,762.84,2100030000.0,73698380000.0
874,"Dec 28, 2017",762.21,763.32,701.19,737.02,2389150000.0,71219050000.0
875,"Dec 29, 2017",740.39,770.12,729.61,753.59,2648970000.0,72835330000.0
876,"Dec 30, 2017",753.82,753.82,685.23,717.26,3187780000.0,69338470000.0
877,"Dec 31, 2017",712.21,760.35,710.12,756.73,2554270000.0,73170170000.0
878,"Jan 01, 2018",755.76,782.53,742.0,772.64,2595760000.0,74724240000.0
879,"Jan 02, 2018",772.35,914.83,772.35,884.44,5783350000.0,85552990000.0
880,"Jan 03, 2018",886.0,974.47,868.45,962.72,5093160000.0,93146830000.0
881,"Jan 04, 2018",961.71,1045.08,946.09,980.92,6502860000.0,94924310000.0
882,"Jan 05, 2018",975.75,1075.39,956.33,997.72,6683150000.0,96574940000.0
883,"Jan 06, 2018",995.15,1060.71,994.62,1041.68,4662220000.0,100852105000.0
884,"Jan 07, 2018",1043.01,1153.17,1043.01,1153.17,5569880000.0,111670665000.0
885,"Jan 08, 2018",1158.26,1266.93,1016.05,1148.53,8450970000.0,111244630000.0
886,"Jan 09, 2018",1146.0,1320.98,1145.49,1299.74,7965460000.0,125917920000.0
887,"Jan 10, 2018",1300.34,1417.38,1226.6,1255.82,9214950000.0,121689420000.0
888,"Jan 11, 2018",1268.09,1337.3,1135.17,1154.93,7235900000.0,111937420000.0
889,"Jan 12, 2018",1158.29,1296.04,1120.09,1273.2,5222300000.0,123426940000.0
890,"Jan 13, 2018",1270.47,1432.88,1270.47,1396.42,5746760000.0,135400735000.0
891,"Jan 14, 2018",1397.48,1400.56,1286.21,1366.77,4841630000.0,132554910000.0
892,"Jan 15, 2018",1365.21,1390.59,1290.6,1291.92,4781100000.0,125319770000.0
893,"Jan 16, 2018",1292.63,1292.63,875.54,1053.69,8405140000.0,102231290000.0
894,"Jan 17, 2018",1061.34,1090.23,780.92,1014.25,8545160000.0,98429090000.0
895,"Jan 18, 2018",1016.44,1100.31,967.76,1036.28,5938320000.0,100588315000.0
896,"Jan 19, 2018",1028.82,1093.22,1003.71,1039.1,4084450000.0,100883464000.0
897,"Jan 20, 2018",1044.95,1167.11,1044.95,1155.15,3975190000.0,112174465000.0
898,"Jan 21, 2018",1155.68,1155.68,1021.5,1049.58,3378090000.0,101943720000.0
899,"Jan 22, 2018",1055.35,1089.1,930.74,1003.26,3810100000.0,97465690000.0
900,"Jan 23, 2018",1004.17,1023.23,920.54,986.23,3556700000.0,95831360000.0
901,"Jan 24, 2018",987.48,1062.44,965.81,1058.78,3944040000.0,102902840000.0
902,"Jan 25, 2018",1063.22,1104.66,1034.74,1056.03,4050190000.0,102657060000.0
903,"Jan 26, 2018",1052.7,1080.6,996.78,1055.17,3617690000.0,102595010000.0
904,"Jan 27, 2018",1055.75,1121.98,1042.12,1107.07,3002870000.0,107663910000.0
905,"Jan 28, 2018",1111.78,1257.77,1111.78,1246.01,5372330000.0,121201615000.0
906,"Jan 29, 2018",1246.7,1256.7,1169.08,1182.36,3715080000.0,115034590000.0
907,"Jan 30, 2018",1184.13,1184.63,1058.97,1071.13,4107860000.0,104234480000.0
908,"Jan 31, 2018",1071.09,1128.66,1034.5,1118.31,3757560000.0,108848636000.0
909,"Feb 01, 2018",1119.37,1161.35,984.82,1036.79,5261680000.0,100935350000.0
910,"Feb 02, 2018",1035.77,1035.77,757.98,915.78,6713290000.0,89173960000.0
911,"Feb 03, 2018",919.21,991.94,847.69,964.02,3243480000.0,93890300000.0
912,"Feb 04, 2018",964.67,969.03,805.06,834.68,2997090000.0,81310520000.0
913,"Feb 05, 2018",834.96,856.65,644.6,697.95,4269530000.0,68005286000.0
914,"Feb 06, 2018",707.74,796.44,574.42,793.12,6518270000.0,77294510000.0
915,"Feb 07, 2018",790.43,851.2,723.43,757.07,3896180000.0,73796290000.0
916,"Feb 08, 2018",755.84,845.09,755.84,817.81,3708190000.0,79733610000.0
917,"Feb 09, 2018",818.48,884.0,788.83,883.86,2495820000.0,86191920000.0
918,"Feb 10, 2018",882.47,917.4,825.58,860.41,2930530000.0,83922990000.0
919,"Feb 11, 2018",859.29,859.29,788.22,814.66,2486650000.0,79476515000.0
920,"Feb 12, 2018",817.51,875.94,817.51,868.71,2243450000.0,84767040000.0
921,"Feb 13, 2018",869.29,870.71,828.84,845.26,2081170000.0,82496190000.0
922,"Feb 14, 2018",844.28,926.43,844.28,923.56,2818370000.0,90157010000.0
923,"Feb 15, 2018",923.73,951.95,911.11,936.98,2900100000.0,91485860000.0
924,"Feb 16, 2018",934.79,950.01,917.85,944.21,2369450000.0,92211440000.0
925,"Feb 17, 2018",944.75,976.59,940.75,974.11,2525720000.0,95151960000.0
926,"Feb 18, 2018",973.35,982.93,915.45,923.92,2567290000.0,90267800000.0
927,"Feb 19, 2018",921.67,957.78,921.55,943.86,2169020000.0,92235645000.0
928,"Feb 20, 2018",943.57,965.27,892.95,895.37,2545260000.0,87515000000.0
929,"Feb 21, 2018",894.14,912.38,830.56,849.97,2531730000.0,83095085000.0
930,"Feb 22, 2018",849.26,875.93,802.67,812.84,2150370000.0,79482140000.0
931,"Feb 23, 2018",811.59,886.32,794.79,864.19,2334820000.0,84520570000.0
932,"Feb 24, 2018",861.59,879.53,818.55,840.52,1926580000.0,82222375000.0
933,"Feb 25, 2018",839.46,853.15,822.38,844.81,1646960000.0,82659610000.0
934,"Feb 26, 2018",845.28,880.39,842.32,869.32,2044480000.0,85074980000.0
935,"Feb 27, 2018",870.36,896.26,867.1,878.27,2053980000.0,85968790000.0
936,"Feb 28, 2018",877.93,890.11,855.12,855.2,1963980000.0,83728564000.0
937,"Mar 01, 2018",856.01,880.3,851.92,872.2,1868520000.0,85410824000.0
938,"Mar 02, 2018",871.76,876.38,852.42,856.85,1894420000.0,83925690000.0
939,"Mar 03, 2018",856.71,868.45,855.21,857.22,1699370000.0,83979650000.0
940,"Mar 04, 2018",856.19,867.95,840.28,866.68,1697940000.0,84923245000.0
941,"Mar 05, 2018",866.85,869.92,853.52,853.68,1898490000.0,83667345000.0
942,"Mar 06, 2018",853.82,853.82,809.93,816.95,1943070000.0,80083930000.0
943,"Mar 07, 2018",816.27,825.61,726.55,752.83,2175420000.0,73813920000.0
944,"Mar 08, 2018",752.57,773.77,696.17,704.6,1891640000.0,69098850000.0
945,"Mar 09, 2018",702.2,729.16,648.11,728.92,2233020000.0,71498736000.0
946,"Mar 10, 2018",730.16,748.03,682.7,686.89,1532960000.0,67390490000.0
947,"Mar 11, 2018",685.31,735.83,668.12,723.34,1562680000.0,70981345000.0
948,"Mar 12, 2018",724.41,742.51,683.27,699.83,1765000000.0,68688765000.0
949,"Mar 13, 2018",698.15,713.73,682.35,690.83,1425960000.0,67819094000.0
950,"Mar 14, 2018",691.22,702.78,594.1,614.29,1810560000.0,60318024000.0
951,"Mar 15, 2018",614.84,620.62,579.51,611.3,1770460000.0,60037235000.0
952,"Mar 16, 2018",611.78,623.17,587.86,601.67,1417350000.0,59103030000.0
953,"Mar 17, 2018",601.68,609.15,549.1,552.78,1267810000.0,54312034000.0
954,"Mar 18, 2018",551.64,551.64,460.09,538.64,2685500000.0,52934185000.0
955,"Mar 19, 2018",546.63,558.1,519.12,556.73,2046790000.0,54722474000.0
956,"Mar 20, 2018",556.72,567.09,521.2,557.17,1833680000.0,54777983000.0
957,"Mar 21, 2018",559.1,589.61,550.57,561.73,1781270000.0,55237390000.0
958,"Mar 22, 2018",562.1,577.57,523.09,539.7,1523460000.0,53082150000.0
959,"Mar 23, 2018",539.86,540.49,512.13,539.62,1596350000.0,53084905000.0
960,"Mar 24, 2018",542.57,545.38,526.08,526.44,1300010000.0,51799120000.0
961,"Mar 25, 2018",522.7,535.82,515.66,524.29,1151170000.0,51598050000.0
962,"Mar 26, 2018",524.29,526.38,470.44,489.95,1638880000.0,48228844000.0
963,"Mar 27, 2018",489.59,491.46,449.97,450.12,1617940000.0,44316774000.0
964,"Mar 28, 2018",450.29,466.21,444.86,446.28,1514180000.0,43948073000.0
965,"Mar 29, 2018",448.08,450.81,385.81,385.97,1970230000.0,38016730000.0
966,"Mar 30, 2018",385.9,409.93,368.63,394.64,1878130000.0,38879465000.0
967,"Mar 31, 2018",395.0,418.47,392.95,396.46,1323920000.0,39066083000.0
968,"Apr 01, 2018",397.25,400.53,363.8,379.61,1256930000.0,37413410000.0
969,"Apr 02, 2018",379.7,395.17,377.59,386.42,1102260000.0,38093280000.0
970,"Apr 03, 2018",387.31,418.97,383.53,416.89,1363400000.0,41105280000.0
971,"Apr 04, 2018",416.48,417.47,375.31,380.54,1287730000.0,37528932000.0
972,"Apr 05, 2018",379.95,387.72,369.82,383.23,1210680000.0,37802010000.0
973,"Apr 06, 2018",382.73,385.2,366.91,370.29,967106000.0,36532480000.0
974,"Apr 07, 2018",370.38,393.06,369.94,385.31,951475000.0,38023057000.0
975,"Apr 08, 2018",385.74,402.59,385.6,400.51,948488000.0,39530560000.0
976,"Apr 09, 2018",400.86,429.25,390.61,398.53,1478390000.0,39343020000.0
977,"Apr 10, 2018",399.41,415.89,393.88,414.24,1196000000.0,40903130000.0
978,"Apr 11, 2018",415.02,430.54,412.47,430.54,1439040000.0,42521043000.0
979,"Apr 12, 2018",430.16,493.06,417.41,492.94,2519360000.0,48693846000.0
980,"Apr 13, 2018",493.16,526.47,482.66,492.73,2419250000.0,48683660000.0
981,"Apr 14, 2018",492.58,512.02,488.28,501.48,1519080000.0,49557725000.0
982,"Apr 15, 2018",502.88,531.7,502.88,531.7,1726090000.0,52555420000.0
983,"Apr 16, 2018",532.07,534.2,500.25,511.15,1758980000.0,50534187000.0
984,"Apr 17, 2018",511.14,518.03,502.56,502.89,1760360000.0,49728520000.0
985,"Apr 18, 2018",503.31,525.09,503.05,524.79,1762940000.0,51904230000.0
986,"Apr 19, 2018",524.04,567.89,523.26,567.89,2256870000.0,56178774000.0
987,"Apr 20, 2018",567.99,618.72,560.28,615.72,2849470000.0,60922820000.0
988,"Apr 21, 2018",616.0,621.89,578.55,605.4,2612460000.0,59913830000.0
989,"Apr 22, 2018",606.12,640.77,593.87,621.86,2426270000.0,61556036000.0
990,"Apr 23, 2018",621.2,646.7,621.03,642.55,2386830000.0,63617020000.0
991,"Apr 24, 2018",643.4,708.88,643.4,708.16,3581860000.0,70127346000.0
992,"Apr 25, 2018",707.06,707.06,600.21,615.42,4216140000.0,60955967000.0
993,"Apr 26, 2018",618.08,663.18,604.01,662.81,2984010000.0,65663947000.0
994,"Apr 27, 2018",662.11,684.87,647.03,647.03,2598130000.0,64114106000.0
995,"Apr 28, 2018",644.65,691.44,644.65,683.68,2496660000.0,67759206000.0
996,"Apr 29, 2018",683.91,697.76,670.51,688.88,2740560000.0,68289155000.0
997,"Apr 30, 2018",689.76,694.44,666.12,669.92,2853100000.0,66423714000.0
998,"May 01, 2018",670.46,674.4,637.54,673.61,2678960000.0,66803233000.0
999,"May 02, 2018",674.08,688.84,667.42,687.15,2822270000.0,68159980000.0
1000,"May 03, 2018",686.59,784.34,686.59,779.54,4210940000.0,77340836000.0
1001,"May 04, 2018",776.78,803.75,762.63,785.62,3533410000.0,77960310000.0
1002,"May 05, 2018",784.58,827.46,784.24,816.12,3035040000.0,81003450000.0
1003,"May 06, 2018",816.09,835.06,764.88,792.31,3105570000.0,78656660000.0
1004,"May 07, 2018",793.34,795.76,710.18,753.72,4316120000.0,74841650000.0
1005,"May 08, 2018",755.01,774.25,728.13,752.86,2920490000.0,74770820000.0
1006,"May 09, 2018",752.9,759.53,718.47,752.28,2877870000.0,74728440000.0
1007,"May 10, 2018",752.58,766.75,726.66,727.28,2748950000.0,72260120000.0
1008,"May 11, 2018",727.01,736.98,669.83,679.59,3290080000.0,67535704000.0
1009,"May 12, 2018",679.88,691.41,644.07,686.05,2668480000.0,68192027000.0
1010,"May 13, 2018",687.17,741.31,675.32,733.5,2362500000.0,72923275000.0
1011,"May 14, 2018",732.73,742.17,695.79,730.55,3005110000.0,72645180000.0
1012,"May 15, 2018",731.14,739.05,700.99,708.87,2523070000.0,70504110000.0
1013,"May 16, 2018",708.09,710.2,682.54,707.05,2476130000.0,70337446000.0
1014,"May 17, 2018",708.72,718.83,668.83,672.66,2350620000.0,66929940000.0
1015,"May 18, 2018",672.1,695.03,663.81,694.37,2305740000.0,69104460000.0
1016,"May 19, 2018",695.07,715.58,686.79,696.53,2021550000.0,69334150000.0
1017,"May 20, 2018",697.92,723.75,692.67,715.37,2156910000.0,71224210000.0
1018,"May 21, 2018",717.19,719.28,692.49,699.22,2005170000.0,69631030000.0
1019,"May 22, 2018",700.18,700.98,644.03,647.74,2230470000.0,64517665000.0
1020,"May 23, 2018",646.67,651.64,572.95,583.59,2995430000.0,58139670000.0
1021,"May 24, 2018",584.54,610.82,557.21,601.76,2791100000.0,59962094000.0
1022,"May 25, 2018",602.14,617.19,575.62,586.73,2110920000.0,58477440000.0
1023,"May 26, 2018",587.43,606.17,583.51,587.28,1694300000.0,58544017000.0
1024,"May 27, 2018",588.52,590.33,562.87,572.67,1788790000.0,57099070000.0
1025,"May 28, 2018",573.04,576.05,512.55,516.04,2356900000.0,51463148000.0
1026,"May 29, 2018",516.15,572.26,516.15,565.39,2330820000.0,56396587000.0
1027,"May 30, 2018",566.83,583.14,545.43,559.59,2053970000.0,55829810000.0
1028,"May 31, 2018",558.5,585.54,557.07,577.65,1985040000.0,57643140000.0
1029,"Jun 01, 2018",578.67,589.09,567.66,580.04,1945890000.0,57894350000.0
1030,"Jun 02, 2018",580.43,597.08,577.32,591.81,1880390000.0,59080880000.0
1031,"Jun 03, 2018",591.26,624.51,591.26,618.33,1832550000.0,61740823000.0
1032,"Jun 04, 2018",619.44,623.43,583.75,592.98,1903430000.0,59222872000.0
1033,"Jun 05, 2018",593.41,611.33,580.98,609.3,1844270000.0,60864980000.0
1034,"Jun 06, 2018",610.26,611.64,596.4,607.12,1756530000.0,60659843000.0
1035,"Jun 07, 2018",607.69,616.14,601.69,605.19,1880140000.0,60478878000.0
1036,"Jun 08, 2018",605.44,608.81,595.59,601.08,1637780000.0,60080607000.0
1037,"Jun 09, 2018",600.91,608.58,597.56,597.56,1519310000.0,59741700000.0
1038,"Jun 10, 2018",594.34,594.34,511.89,526.48,2234880000.0,52645884000.0
1039,"Jun 11, 2018",524.86,536.86,515.27,533.28,1982120000.0,53337465000.0
1040,"Jun 12, 2018",532.71,538.96,491.23,496.84,1932760000.0,49702986000.0
1041,"Jun 13, 2018",498.02,501.9,459.0,477.49,2080130000.0,47777150000.0
1042,"Jun 14, 2018",478.38,523.54,467.47,519.74,2458650000.0,52015067000.0
1043,"Jun 15, 2018",520.48,521.3,487.47,491.0,1808270000.0,49149084000.0
1044,"Jun 16, 2018",490.41,503.22,488.85,499.64,1314110000.0,50024018000.0
1045,"Jun 17, 2018",499.46,507.64,498.65,500.45,1264870000.0,50114920000.0
1046,"Jun 18, 2018",499.38,521.8,494.07,518.89,1513870000.0,51972518000.0
1047,"Jun 19, 2018",519.02,542.35,516.31,537.96,1726570000.0,53893190000.0
1048,"Jun 20, 2018",538.51,541.02,519.37,536.27,1596290000.0,53735035000.0
1049,"Jun 21, 2018",536.45,543.72,524.26,527.37,1462070000.0,52853920000.0
1050,"Jun 22, 2018",527.19,527.19,456.88,465.82,2226030000.0,46694860000.0
1051,"Jun 23, 2018",466.27,479.13,462.39,474.52,1651380000.0,47577076000.0
1052,"Jun 24, 2018",474.77,475.36,426.47,457.67,2490580000.0,45897155000.0
1053,"Jun 25, 2018",455.94,470.34,448.9,460.31,4007950000.0,46171165000.0
1054,"Jun 26, 2018",460.73,461.21,432.77,432.77,1356560000.0,43417900000.0
1055,"Jun 27, 2018",432.24,444.24,424.84,442.36,1368940000.0,44389430000.0
1056,"Jun 28, 2018",442.29,443.62,419.68,422.36,1360790000.0,42391126000.0
1057,"Jun 29, 2018",422.59,441.79,407.95,436.01,1564500000.0,43769410000.0
1058,"Jun 30, 2018",436.21,458.8,436.21,455.18,1475940000.0,45703303000.0
1059,"Jul 01, 2018",455.24,457.14,446.39,453.92,1511730000.0,45585863000.0
1060,"Jul 02, 2018",453.82,479.13,447.11,475.35,1625790000.0,47747744000.0
1061,"Jul 03, 2018",475.39,483.85,462.58,464.2,1683940000.0,46637070000.0
1062,"Jul 04, 2018",464.15,481.44,455.18,467.32,1549770000.0,46960390000.0
1063,"Jul 05, 2018",467.29,483.23,464.63,474.41,1828610000.0,47682970000.0
1064,"Jul 06, 2018",474.36,479.65,457.61,474.01,1627610000.0,47652426000.0
1065,"Jul 07, 2018",474.06,491.66,466.84,491.66,1358360000.0,49436670000.0
1066,"Jul 08, 2018",492.07,503.2,488.42,489.12,1344560000.0,49191160000.0
1067,"Jul 09, 2018",488.88,490.85,475.17,476.68,1533800000.0,47950213000.0
1068,"Jul 10, 2018",476.16,478.32,433.96,434.42,1789070000.0,43708240000.0
1069,"Jul 11, 2018",434.52,447.32,429.51,446.52,1422470000.0,44934270000.0
1070,"Jul 12, 2018",446.5,446.5,422.81,430.07,1495440000.0,43288293000.0
1071,"Jul 13, 2018",430.74,442.36,430.74,434.03,1489670000.0,43694990000.0
1072,"Jul 14, 2018",434.51,439.43,431.47,436.09,1235820000.0,43911193000.0
1073,"Jul 15, 2018",435.88,454.0,433.92,449.85,1350160000.0,45306413000.0
1074,"Jul 16, 2018",450.42,480.66,446.8,480.66,1858680000.0,48419025000.0
1075,"Jul 17, 2018",480.08,508.78,468.92,501.0,2288100000.0,50478770000.0
1076,"Jul 18, 2018",500.84,513.43,474.36,480.51,2371560000.0,48424157000.0
1077,"Jul 19, 2018",480.63,483.24,465.14,469.62,2068740000.0,47335900000.0
1078,"Jul 20, 2018",469.31,469.31,443.69,450.7,1821350000.0,45437820000.0
1079,"Jul 21, 2018",450.68,468.08,445.78,462.44,1504310000.0,46630720000.0
1080,"Jul 22, 2018",462.44,470.9,458.12,459.66,1338590000.0,46360030000.0
1081,"Jul 23, 2018",459.44,469.77,449.73,450.85,1597000000.0,45481300000.0
1082,"Jul 24, 2018",451.14,481.14,450.57,479.37,2287520000.0,48368210000.0
1083,"Jul 25, 2018",479.91,482.87,466.47,472.49,1930780000.0,47683830000.0
1084,"Jul 26, 2018",472.33,483.7,461.42,464.04,1621560000.0,46839930000.0
1085,"Jul 27, 2018",464.01,473.22,458.29,469.67,1734260000.0,47417754000.0
1086,"Jul 28, 2018",469.68,471.59,462.99,466.9,1531890000.0,47147856000.0
1087,"Jul 29, 2018",466.92,470.36,462.71,466.67,1631910000.0,47133880000.0
1088,"Jul 30, 2018",466.83,467.95,448.64,457.08,2141590000.0,46175216000.0
1089,"Jul 31, 2018",457.25,457.25,430.44,433.87,1820680000.0,43839033000.0
1090,"Aug 01, 2018",433.87,435.46,410.46,420.75,1888060000.0,42521936000.0
1091,"Aug 02, 2018",420.81,425.03,410.31,412.62,1569300000.0,41709183000.0
1092,"Aug 03, 2018",412.57,420.55,399.91,418.26,1722340000.0,42287976000.0
1093,"Aug 04, 2018",418.24,420.19,403.78,407.25,1466540000.0,41183216000.0
1094,"Aug 05, 2018",407.35,413.72,402.43,410.52,1396820000.0,41521713000.0
1095,"Aug 06, 2018",410.57,414.54,403.31,406.66,1384880000.0,41139790000.0
1096,"Aug 07, 2018",406.8,411.4,376.08,380.21,1828350000.0,38472420000.0
1097,"Aug 08, 2018",379.89,380.67,353.73,356.61,2016080000.0,36091570000.0
1098,"Aug 09, 2018",356.97,370.95,353.61,365.59,1616610000.0,37007393000.0
1099,"Aug 10, 2018",365.78,367.05,329.59,334.18,1699400000.0,33834486000.0
1100,"Aug 11, 2018",334.26,334.26,308.49,322.11,1790370000.0,32619682000.0
1101,"Aug 12, 2018",320.82,328.59,318.6,319.57,1625420000.0,32368770000.0
1102,"Aug 13, 2018",320.21,323.55,284.93,286.5,1751190000.0,29024492000.0
1103,"Aug 14, 2018",286.37,286.37,254.65,278.93,2137850000.0,28263969000.0
1104,"Aug 15, 2018",280.39,303.59,280.12,282.36,1878150000.0,28617474000.0
1105,"Aug 16, 2018",282.74,298.48,280.93,288.05,1552970000.0,29199229000.0
1106,"Aug 17, 2018",287.68,316.17,287.35,315.73,1995460000.0,32011921000.0
1107,"Aug 18, 2018",316.79,320.45,286.55,295.81,1764020000.0,29998586000.0
1108,"Aug 19, 2018",295.67,307.1,291.33,300.83,1447910000.0,30514026000.0
1109,"Aug 20, 2018",301.38,304.37,273.51,274.31,1413790000.0,27829774000.0
1110,"Aug 21, 2018",273.33,285.97,273.33,281.94,1164120000.0,28609532000.0
1111,"Aug 22, 2018",281.97,297.49,265.0,271.34,1507660000.0,27539120000.0
1112,"Aug 23, 2018",271.75,279.55,271.09,277.1,1271160000.0,28129663000.0
1113,"Aug 24, 2018",278.11,283.3,273.86,282.97,1450170000.0,28730706000.0
1114,"Aug 25, 2018",283.28,283.51,278.47,279.65,1208360000.0,28399213000.0
1115,"Aug 26, 2018",279.52,279.52,272.44,275.2,1206650000.0,27953030000.0
1116,"Aug 27, 2018",275.35,285.6,273.65,285.6,1406790000.0,29015876000.0
1117,"Aug 28, 2018",286.65,297.4,283.57,296.5,1513350000.0,30128902000.0
1118,"Aug 29, 2018",296.16,297.07,287.29,289.31,1474460000.0,29404460000.0
1119,"Aug 30, 2018",289.75,291.24,275.21,284.11,1513100000.0,28881058000.0
1120,"Aug 31, 2018",284.12,284.55,278.51,283.0,1411910000.0,28774922000.0
1121,"Sep 01, 2018",283.5,301.14,283.5,295.34,1546630000.0,30035327000.0
1122,"Sep 02, 2018",295.45,298.69,290.93,294.37,1321050000.0,29942718000.0
1123,"Sep 03, 2018",295.18,295.59,287.43,289.26,1394490000.0,29428617000.0
1124,"Sep 04, 2018",289.3,291.58,284.25,285.72,1554870000.0,29074743000.0
1125,"Sep 05, 2018",286.05,288.16,232.33,232.33,2390390000.0,23646372000.0
1126,"Sep 06, 2018",231.65,231.75,218.12,230.22,2097310000.0,23435751000.0
1127,"Sep 07, 2018",229.53,233.9,217.07,217.2,1678260000.0,22115523000.0
1128,"Sep 08, 2018",217.91,220.37,193.26,197.95,1517200000.0,20159310000.0
1129,"Sep 09, 2018",198.38,207.67,188.31,196.92,1585980000.0,20058708000.0
1130,"Sep 10, 2018",197.85,201.88,189.58,197.08,1502960000.0,20078524000.0
1131,"Sep 11, 2018",198.18,198.51,180.6,185.07,1568900000.0,18858381000.0
1132,"Sep 12, 2018",185.42,185.59,170.26,183.33,1874850000.0,18685320000.0
1133,"Sep 13, 2018",183.68,214.0,183.68,211.35,2330720000.0,21545775000.0
1134,"Sep 14, 2018",212.67,222.79,204.87,211.75,2232190000.0,21590366000.0
1135,"Sep 15, 2018",209.81,226.6,209.61,223.07,1670490000.0,22749647000.0
1136,"Sep 16, 2018",222.8,222.8,211.12,220.59,1502260000.0,22500750000.0
1137,"Sep 17, 2018",221.58,224.26,195.31,197.88,2019910000.0,20187902000.0
1138,"Sep 18, 2018",197.09,213.36,195.93,209.97,1800640000.0,21426629000.0
1139,"Sep 19, 2018",209.47,213.87,201.66,209.97,1733330000.0,21430323000.0
1140,"Sep 20, 2018",210.29,224.82,207.79,224.59,1782070000.0,22927300000.0
1141,"Sep 21, 2018",225.25,248.39,221.57,246.58,2836200000.0,25177561000.0
1142,"Sep 22, 2018",247.34,251.2,233.81,240.48,1921820000.0,24559190000.0
1143,"Sep 23, 2018",240.99,247.46,237.86,244.33,1693470000.0,24957340000.0
1144,"Sep 24, 2018",244.84,245.11,227.49,228.73,1748740000.0,23368514000.0
1145,"Sep 25, 2018",228.33,228.33,206.49,218.5,2120360000.0,22328328000.0
1146,"Sep 26, 2018",218.65,221.44,209.11,215.85,1756100000.0,22061165000.0
1147,"Sep 27, 2018",215.44,230.61,212.65,228.49,2030320000.0,23358464000.0
1148,"Sep 28, 2018",229.04,231.75,218.67,222.4,2018120000.0,22740234000.0
1149,"Sep 29, 2018",221.71,234.01,216.08,231.63,2208720000.0,23688985000.0
1150,"Sep 30, 2018",231.33,236.99,228.44,232.85,1765560000.0,23817806000.0
1151,"Oct 01, 2018",233.22,234.15,226.94,230.77,1597500000.0,23609730000.0
1152,"Oct 02, 2018",231.1,231.17,225.84,227.18,1542080000.0,23247403000.0
1153,"Oct 03, 2018",226.41,226.46,213.97,220.49,1683930000.0,22567088000.0
1154,"Oct 04, 2018",220.45,226.15,220.09,222.22,1479500000.0,22748580000.0
1155,"Oct 05, 2018",222.27,228.32,220.96,227.6,1547330000.0,23304235000.0
1156,"Oct 06, 2018",227.55,227.93,224.25,225.12,1505070000.0,23054817000.0
1157,"Oct 07, 2018",225.44,226.37,223.0,226.12,1470480000.0,23161768000.0
1158,"Oct 08, 2018",226.51,230.76,224.56,229.25,1470740000.0,23487672000.0
1159,"Oct 09, 2018",229.71,230.16,226.4,227.98,1405130000.0,23361892000.0
1160,"Oct 10, 2018",227.62,227.71,224.5,225.77,1384040000.0,23139713000.0
1161,"Oct 11, 2018",225.61,225.61,189.28,189.5,2167620000.0,19426181000.0
1162,"Oct 12, 2018",188.71,199.4,188.71,196.73,1487900000.0,20171158000.0
1163,"Oct 13, 2018",196.36,201.28,196.36,199.84,1167610000.0,20494530000.0
1164,"Oct 14, 2018",199.69,201.83,195.24,195.72,1169260000.0,20075397000.0
1165,"Oct 15, 2018",195.27,222.12,194.16,209.7,2865830000.0,21514574000.0
1166,"Oct 16, 2018",209.63,212.17,207.98,210.12,1532280000.0,21561539000.0
1167,"Oct 17, 2018",210.22,211.13,205.93,207.08,1444130000.0,21254117000.0
1168,"Oct 18, 2018",207.4,208.47,201.74,203.35,1365860000.0,20875342000.0
1169,"Oct 19, 2018",203.26,204.66,201.84,203.73,1264480000.0,20917973000.0
1170,"Oct 20, 2018",203.51,206.22,203.09,205.43,1238780000.0,21097038000.0
1171,"Oct 21, 2018",205.39,208.16,204.62,205.14,1190300000.0,21071630000.0
1172,"Oct 22, 2018",205.17,206.93,203.38,204.04,1328980000.0,20962978000.0
1173,"Oct 23, 2018",204.02,205.15,201.91,204.34,1237490000.0,20997181000.0
1174,"Oct 24, 2018",204.13,205.58,203.35,203.85,1102220000.0,20951603000.0
1175,"Oct 25, 2018",203.87,204.13,201.82,202.72,1102900000.0,20839258000.0
1176,"Oct 26, 2018",202.34,204.78,201.55,203.33,1161310000.0,20906131000.0
1177,"Oct 27, 2018",203.36,206.08,203.13,204.21,1084810000.0,21000854000.0
1178,"Oct 28, 2018",204.51,205.92,203.52,205.37,1139140000.0,21123908000.0
1179,"Oct 29, 2018",205.17,205.6,195.73,197.25,1517230000.0,20292810000.0
1180,"Oct 30, 2018",197.2,198.12,196.35,197.56,1363500000.0,20328580000.0
1181,"Oct 31, 2018",197.65,198.34,196.53,197.38,1442380000.0,20314628000.0
1182,"Nov 01, 2018",197.54,203.75,197.33,198.87,1336700000.0,20472105000.0
1183,"Nov 02, 2018",198.98,201.27,198.75,200.63,1451870000.0,20657630000.0
1184,"Nov 03, 2018",200.74,200.74,199.53,200.19,1307150000.0,20615438000.0
1185,"Nov 04, 2018",200.16,211.27,198.99,207.49,1749300000.0,21371417000.0
1186,"Nov 05, 2018",207.1,210.82,206.57,209.09,1613510000.0,21540997000.0
1187,"Nov 06, 2018",209.47,218.45,207.89,218.45,1856940000.0,22445690000.0
1188,"Nov 07, 2018",218.9,221.65,216.8,217.18,1927830000.0,22383497000.0
1189,"Nov 08, 2018",217.33,218.34,212.2,212.23,1769080000.0,21877424000.0
1190,"Nov 09, 2018",211.99,213.32,209.51,210.07,1554750000.0,21659329000.0
1191,"Nov 10, 2018",209.97,213.86,209.81,212.53,1377760000.0,21917196000.0
1192,"Nov 11, 2018",212.48,213.0,208.87,211.34,1501600000.0,21798466000.0
1193,"Nov 12, 2018",211.51,212.62,208.92,210.42,1452380000.0,21707637000.0
1194,"Nov 13, 2018",210.15,210.51,206.13,206.83,1610260000.0,21341262000.0
1195,"Nov 14, 2018",206.53,207.04,174.08,181.4,2595330000.0,18721032000.0
1196,"Nov 15, 2018",181.9,184.25,170.19,180.81,2638410000.0,18663660000.0
1197,"Nov 16, 2018",180.87,181.35,173.13,175.18,2015330000.0,18086156000.0
1198,"Nov 17, 2018",175.36,175.85,172.87,174.0,1832800000.0,17968222000.0
1199,"Nov 18, 2018",174.18,179.15,174.18,177.07,1810920000.0,18288413000.0
1200,"Nov 19, 2018",177.18,177.18,147.85,149.18,2745160000.0,15410552000.0
1201,"Nov 20, 2018",148.81,151.25,126.36,130.34,3134410000.0,13467303000.0
1202,"Nov 21, 2018",131.14,138.89,125.76,136.7,2685930000.0,14127420000.0
1203,"Nov 22, 2018",136.81,137.74,126.71,126.71,1792150000.0,13097009000.0
1204,"Nov 23, 2018",126.42,127.03,119.56,123.3,1998010000.0,12747016000.0
1205,"Nov 24, 2018",123.3,126.79,110.83,113.49,1800960000.0,11735902000.0
1206,"Nov 25, 2018",113.13,118.88,101.77,116.45,2466750000.0,12043901000.0
1207,"Nov 26, 2018",116.34,118.2,104.89,108.33,2139490000.0,11206776000.0
1208,"Nov 27, 2018",107.91,111.84,102.45,110.01,2320010000.0,11382217000.0
1209,"Nov 28, 2018",110.2,126.05,110.2,122.44,2673470000.0,12670491000.0
1210,"Nov 29, 2018",122.72,123.23,115.3,117.54,2196099000.0,12166285000.0
1211,"Nov 30, 2018",117.73,119.42,111.74,113.17,2020748400.0,11716096000.0
1212,"Dec 01, 2018",113.4,120.84,111.62,118.64,2131475700.0,12284118000.0
1213,"Dec 02, 2018",118.27,120.56,116.09,116.39,1856199200.0,12053770000.0
1214,"Dec 03, 2018",116.38,116.62,107.42,108.93,1772756200.0,11282911000.0
1215,"Dec 04, 2018",108.8,113.14,107.4,110.21,1748116500.0,11418617000.0
1216,"Dec 05, 2018",110.34,110.6,102.48,102.48,1990157600.0,10618884000.0
1217,"Dec 06, 2018",102.45,104.1,91.76,91.76,2310717000.0,9510417000.0
1218,"Dec 07, 2018",91.65,96.09,83.47,93.29,2554304500.0,9671177000.0
1219,"Dec 08, 2018",93.41,97.06,86.83,92.16,1855759400.0,9555328000.0
1220,"Dec 09, 2018",92.04,98.9,91.03,95.14,1875567200.0,9866415000.0
